dataset_id,rand,auprc,auprc_x,f1,f1_x
grn_n6_e17_pos100_density_rep0,0.5666666666666667,0.7411922033704386,1.3079862412419505,0.7647058823529412,1.3494809688581317
grn_n6_e17_pos100_density_rep0,0.5666666666666667,0.7646207611874001,1.3493307550365885,0.7058823529411765,1.2456747404844293
grn_n6_e17_pos100_density_rep0,0.5666666666666667,0.6868733686424773,1.21212947407496,0.5882352941176471,1.0380622837370244
grn_n6_e17_pos100_density_rep0,0.5666666666666667,0.8100533896195969,1.4295059816816418,0.7058823529411765,1.2456747404844293
grn_n6_e17_pos100_density_rep0,0.5666666666666667,0.5960655345353001,1.0518803550622944,0.5882352941176471,1.0380622837370244
grn_n6_e17_pos100_density_rep0,0.5666666666666667,0.6591677237171825,1.1632371595009103,0.5294117647058824,0.9342560553633218
grn_n6_e17_pos100_density_rep0,0.5666666666666667,0.7452350572436405,1.3151206892534832,0.7647058823529412,1.3494809688581317
grn_n6_e17_pos100_density_rep0,0.5666666666666667,0.574089971720066,1.0130999500942341,0.47058823529411764,0.8304498269896193
grn_n6_e17_pos100_density_rep0,0.5666666666666667,0.6408850448427348,1.1309736085460025,0.5294117647058824,0.9342560553633218
grn_n6_e17_pos100_density_rep0,0.5666666666666667,0.5732808674466832,1.0116721190235585,0.47058823529411764,0.8304498269896193
grn_n6_e17_pos100_density_rep1,0.5666666666666667,0.6838388949176744,1.2067745204429547,0.5882352941176471,1.0380622837370244
grn_n6_e17_pos100_density_rep1,0.5666666666666667,0.6989948867191906,1.2335203883279835,0.6470588235294118,1.1418685121107268
grn_n6_e17_pos100_density_rep1,0.5666666666666667,0.6814795034399515,1.2026108884234437,0.6470588235294118,1.1418685121107268
grn_n6_e17_pos100_density_rep1,0.5666666666666667,0.7263422612703124,1.2817804610652572,0.6470588235294118,1.1418685121107268
grn_n6_e17_pos100_density_rep1,0.5666666666666667,0.7619336386953723,1.3445887741683042,0.6470588235294118,1.1418685121107268
grn_n6_e17_pos100_density_rep1,0.5666666666666667,0.5455297116484279,0.9626994911442845,0.5294117647058824,0.9342560553633218
grn_n6_e17_pos100_density_rep1,0.5666666666666667,0.7344596329312097,1.296105234584488,0.7058823529411765,1.2456747404844293
grn_n6_e17_pos100_density_rep1,0.5666666666666667,0.7987997270709892,1.4096465771840987,0.7058823529411765,1.2456747404844293
grn_n6_e17_pos100_density_rep1,0.5666666666666667,0.723170576362707,1.276183370051836,0.5882352941176471,1.0380622837370244
grn_n6_e17_pos100_density_rep1,0.5666666666666667,0.6910551540424732,1.2195090953690704,0.5882352941176471,1.0380622837370244
grn_n6_e17_pos100_density_rep2,0.5666666666666667,0.7140263147251825,1.2600464377503222,0.5882352941176471,1.0380622837370244
grn_n6_e17_pos100_density_rep2,0.5666666666666667,0.6191726919978369,1.0926576917608886,0.5882352941176471,1.0380622837370244
grn_n6_e17_pos100_density_rep2,0.5666666666666667,0.8044011672716846,1.4195314716559142,0.6470588235294118,1.1418685121107268
grn_n6_e17_pos100_density_rep2,0.5666666666666667,0.7517174855578294,1.3265602686314637,0.5294117647058824,0.9342560553633218
grn_n6_e17_pos100_density_rep2,0.5666666666666667,0.7979267367844921,1.4081060060902801,0.7647058823529412,1.3494809688581317
grn_n6_e17_pos100_density_rep2,0.5666666666666667,0.8490550031273488,1.4983323584600274,0.7058823529411765,1.2456747404844293
grn_n6_e17_pos100_density_rep2,0.5666666666666667,0.5852486357885788,1.032791710215139,0.6470588235294118,1.1418685121107268
grn_n6_e17_pos100_density_rep2,0.5666666666666667,0.6640417426237374,1.1718383693360073,0.5882352941176471,1.0380622837370244
grn_n6_e5_pos100_density_rep0,0.16666666666666666,1.0,6.0,1.0,6.0
grn_n6_e5_pos100_density_rep0,0.16666666666666666,0.9633333333333334,5.78,0.8000000000000002,4.800000000000002
grn_n6_e5_pos100_density_rep0,0.16666666666666666,0.919642857142857,5.517857142857142,0.8000000000000002,4.800000000000002
grn_n6_e5_pos100_density_rep0,0.16666666666666666,0.874642857142857,5.247857142857143,0.8000000000000002,4.800000000000002
grn_n6_e5_pos100_density_rep0,0.16666666666666666,0.919642857142857,5.517857142857142,0.8000000000000002,4.800000000000002
grn_n6_e5_pos100_density_rep0,0.16666666666666666,0.7342640692640692,4.405584415584415,0.6,3.6
grn_n6_e5_pos100_density_rep0,0.16666666666666666,0.8267857142857142,4.960714285714285,0.6,3.6
grn_n6_e5_pos100_density_rep0,0.16666666666666666,0.919642857142857,5.517857142857142,0.8000000000000002,4.800000000000002
grn_n6_e5_pos100_density_rep0,0.16666666666666666,0.7984615384615383,4.7907692307692304,0.6,3.6
grn_n6_e5_pos100_density_rep0,0.16666666666666666,0.701641414141414,4.209848484848484,0.6,3.6
grn_n6_e5_pos100_density_rep1,0.16666666666666666,0.8494444444444444,5.096666666666667,0.8000000000000002,4.800000000000002
grn_n6_e5_pos100_density_rep1,0.16666666666666666,0.9380952380952381,5.628571428571429,0.8000000000000002,4.800000000000002
grn_n6_e5_pos100_density_rep1,0.16666666666666666,0.7226984126984126,4.336190476190476,0.6,3.6
grn_n6_e5_pos100_density_rep1,0.16666666666666666,0.9055555555555554,5.433333333333333,0.8000000000000002,4.800000000000002
grn_n6_e5_pos100_density_rep1,0.16666666666666666,1.0,6.0,1.0,6.0
grn_n6_e5_pos100_density_rep1,0.16666666666666666,0.9055555555555554,5.433333333333333,0.8000000000000002,4.800000000000002
grn_n6_e5_pos100_density_rep1,0.16666666666666666,0.7650595238095237,4.590357142857142,0.6,3.6
grn_n6_e5_pos100_density_rep1,0.16666666666666666,0.874642857142857,5.247857142857143,0.8000000000000002,4.800000000000002
grn_n6_e5_pos100_density_rep1,0.16666666666666666,0.8717948717948718,5.230769230769231,0.8000000000000002,4.800000000000002
grn_n6_e5_pos100_density_rep1,0.16666666666666666,0.9633333333333334,5.78,0.8000000000000002,4.800000000000002
grn_n6_e5_pos100_density_rep2,0.16666666666666666,1.0,6.0,1.0,6.0
grn_n6_e5_pos100_density_rep2,0.16666666666666666,0.9380952380952381,5.628571428571429,0.8000000000000002,4.800000000000002
grn_n6_e5_pos100_density_rep2,0.16666666666666666,1.0,6.0,1.0,6.0
grn_n6_e5_pos100_density_rep2,0.16666666666666666,1.0,6.0,1.0,6.0
grn_n6_e5_pos100_density_rep2,0.16666666666666666,1.0,6.0,1.0,6.0
grn_n6_e5_pos100_density_rep2,0.16666666666666666,1.0,6.0,1.0,6.0
grn_n6_e5_pos100_density_rep2,0.16666666666666666,1.0,6.0,1.0,6.0
grn_n6_e5_pos100_density_rep2,0.16666666666666666,0.919642857142857,5.517857142857142,0.8000000000000002,4.800000000000002
grn_n6_e5_pos100_density_rep2,0.16666666666666666,1.0,6.0,1.0,6.0
grn_n6_e5_pos100_density_rep2,0.16666666666666666,1.0,6.0,1.0,6.0
grn_n6_e9_pos0_sign_ratio_rep0,0.3,0.6210246634266243,2.0700822114220814,0.5555555555555556,1.851851851851852
grn_n6_e9_pos0_sign_ratio_rep0,0.3,0.4742572242572243,1.5808574141907477,0.6666666666666666,2.2222222222222223
grn_n6_e9_pos0_sign_ratio_rep0,0.3,0.7656164092567601,2.552054697522534,0.6666666666666666,2.2222222222222223
grn_n6_e9_pos0_sign_ratio_rep0,0.3,0.707553608681905,2.3585120289396833,0.6666666666666666,2.2222222222222223
grn_n6_e9_pos0_sign_ratio_rep0,0.3,0.687466801535429,2.291556005118097,0.6666666666666666,2.2222222222222223
grn_n6_e9_pos0_sign_ratio_rep0,0.3,0.6178740513299337,2.059580171099779,0.6666666666666666,2.2222222222222223
grn_n6_e9_pos0_sign_ratio_rep0,0.3,0.45679041274629506,1.5226347091543169,0.6666666666666666,2.2222222222222223
grn_n6_e9_pos0_sign_ratio_rep0,0.3,0.524784604609166,1.7492820153638866,0.5555555555555556,1.851851851851852
grn_n6_e9_pos0_sign_ratio_rep0,0.3,0.6806660741219566,2.2688869137398555,0.6666666666666666,2.2222222222222223
grn_n6_e9_pos0_sign_ratio_rep0,0.3,0.6365038264109473,2.1216794213698242,0.5555555555555556,1.851851851851852
grn_n6_e9_pos0_sign_ratio_rep1,0.3,0.79926386202186,2.6642128734062,0.6666666666666666,2.2222222222222223
grn_n6_e9_pos0_sign_ratio_rep1,0.3,0.8461943048899572,2.820647682966524,0.6666666666666666,2.2222222222222223
grn_n6_e9_pos0_sign_ratio_rep1,0.3,0.8670940170940173,2.8903133903133913,0.7777777777777778,2.5925925925925926
grn_n6_e9_pos0_sign_ratio_rep1,0.3,0.8311963550852441,2.770654516950814,0.7777777777777778,2.5925925925925926
grn_n6_e9_pos0_sign_ratio_rep1,0.2857142857142857,0.762372962005315,2.6683053670186028,0.5555555555555556,1.9444444444444446
grn_n6_e9_pos0_sign_ratio_rep1,0.3,0.8348148148148149,2.7827160493827163,0.6666666666666666,2.2222222222222223
grn_n6_e9_pos0_sign_ratio_rep1,0.3,0.5917091563830694,1.9723638546102316,0.6666666666666666,2.2222222222222223
grn_n6_e9_pos0_sign_ratio_rep1,0.3,0.5121859045762555,1.7072863485875183,0.6666666666666666,2.2222222222222223
grn_n6_e9_pos0_sign_ratio_rep1,0.3,0.7414621811360942,2.471540603786981,0.6666666666666666,2.2222222222222223
grn_n6_e9_pos0_sign_ratio_rep1,0.3,0.8011492021050846,2.670497340350282,0.6666666666666666,2.2222222222222223
grn_n6_e9_pos0_sign_ratio_rep2,0.3,0.4741686297241852,1.5805620990806175,0.4444444444444444,1.4814814814814814
grn_n6_e9_pos0_sign_ratio_rep2,0.3,0.5067220628624137,1.6890735428747126,0.4444444444444444,1.4814814814814814
grn_n6_e9_pos0_sign_ratio_rep2,0.3,0.5202357056523723,1.7341190188412412,0.4444444444444444,1.4814814814814814
grn_n6_e9_pos0_sign_ratio_rep2,0.3,0.4719598076215723,1.5731993587385744,0.3333333333333333,1.1111111111111112
grn_n6_e9_pos0_sign_ratio_rep2,0.3,0.4149361713087203,1.3831205710290677,0.4444444444444444,1.4814814814814814
grn_n6_e9_pos0_sign_ratio_rep2,0.3,0.4779854918743808,1.5932849729146026,0.3333333333333333,1.1111111111111112
grn_n6_e9_pos0_sign_ratio_rep2,0.3,0.4776381026381026,1.5921270087936754,0.3333333333333333,1.1111111111111112
grn_n6_e9_pos0_sign_ratio_rep2,0.3,0.45600746989635876,1.5200248996545294,0.3333333333333333,1.1111111111111112
grn_n6_e9_pos0_sign_ratio_rep2,0.3,0.47198524514700985,1.5732841504900328,0.3333333333333333,1.1111111111111112
grn_n6_e9_pos0_sign_ratio_rep2,0.3,0.4980456544182034,1.6601521813940114,0.4444444444444444,1.4814814814814814
grn_n6_e9_pos100_center_rep0,0.3,0.5441599658783346,1.813866552927782,0.4444444444444444,1.4814814814814814
grn_n6_e9_pos100_center_rep0,0.3,0.5426421578717612,1.8088071929058707,0.3333333333333333,1.1111111111111112
grn_n6_e9_pos100_center_rep0,0.3,0.6987240537240538,2.3290801790801794,0.6666666666666666,2.2222222222222223
grn_n6_e9_pos100_center_rep0,0.3,0.6425422810480281,2.1418076034934272,0.5555555555555556,1.851851851851852
grn_n6_e9_pos100_center_rep0,0.3,0.718655470044359,2.395518233481197,0.6666666666666666,2.2222222222222223
grn_n6_e9_pos100_center_rep0,0.3,0.5587923164157106,1.8626410547190353,0.6666666666666666,2.2222222222222223
grn_n6_e9_pos100_center_rep0,0.3,0.5828822582270858,1.942940860756953,0.4444444444444444,1.4814814814814814
grn_n6_e9_pos100_center_rep0,0.3,0.8451421309264449,2.817140436421483,0.7777777777777778,2.5925925925925926
grn_n6_e9_pos100_center_rep0,0.3,0.7638205512715317,2.546068504238439,0.6666666666666666,2.2222222222222223
grn_n6_e9_pos100_center_rep0,0.3,0.7790453698348436,2.596817899449479,0.6666666666666666,2.2222222222222223
grn_n6_e9_pos100_center_rep1,0.3,0.6319702108590997,2.106567369530332,0.4444444444444444,1.4814814814814814
grn_n6_e9_pos100_center_rep1,0.3,0.54443645938655,1.814788197955167,0.3333333333333333,1.1111111111111112
grn_n6_e9_pos100_center_rep1,0.3,0.617888584320295,2.0596286144009834,0.5555555555555556,1.851851851851852
grn_n6_e9_pos100_center_rep1,0.3,0.685888441060855,2.2862948035361836,0.6666666666666666,2.2222222222222223
grn_n6_e9_pos100_center_rep1,0.3,0.7875130834749711,2.625043611583237,0.6666666666666666,2.2222222222222223
grn_n6_e9_pos100_center_rep1,0.3,0.6705227156461098,2.235075718820366,0.5555555555555556,1.851851851851852
grn_n6_e9_pos100_center_rep1,0.3,0.49268464628701175,1.6422821542900392,0.4444444444444444,1.4814814814814814
grn_n6_e9_pos100_center_rep1,0.3,0.6830933007321895,2.2769776691072985,0.5555555555555556,1.851851851851852
grn_n6_e9_pos100_center_rep1,0.3,0.6738111939500828,2.246037313166943,0.5555555555555556,1.851851851851852
grn_n6_e9_pos100_center_rep1,0.3,0.6437803510558928,2.145934503519643,0.4444444444444444,1.4814814814814814
grn_n6_e9_pos100_center_rep2,0.3,0.7921287857691368,2.640429285897123,0.6666666666666666,2.2222222222222223
grn_n6_e9_pos100_center_rep2,0.3,0.7120345476963124,2.3734484923210415,0.5555555555555556,1.851851851851852
grn_n6_e9_pos100_center_rep2,0.3,0.9212682379349046,3.0708941264496823,0.7777777777777778,2.5925925925925926
grn_n6_e9_pos100_center_rep2,0.3,0.8549769402710581,2.8499231342368603,0.6666666666666666,2.2222222222222223
grn_n6_e9_pos100_center_rep2,0.3,0.9539682539682541,3.1798941798941804,0.8888888888888888,2.962962962962963
grn_n6_e9_pos100_center_rep2,0.3,0.6709447229184071,2.236482409728024,0.6666666666666666,2.2222222222222223
grn_n6_e9_pos100_center_rep2,0.3,0.8616943241943245,2.8723144139810817,0.7777777777777778,2.5925925925925926
grn_n6_e9_pos100_center_rep2,0.3,0.7168960668960669,2.3896535563202232,0.6666666666666666,2.2222222222222223
grn_n6_e9_pos100_center_rep2,0.3,0.8976164539890032,2.992054846630011,0.8888888888888888,2.962962962962963
grn_n6_e9_pos100_center_rep2,0.3,0.71894435525712,2.3964811841904,0.5555555555555556,1.851851851851852
grn_n6_e9_pos50_sign_ratio_rep0,0.3,0.9159286097691897,3.053095365897299,0.8888888888888888,2.962962962962963
grn_n6_e9_pos50_sign_ratio_rep0,0.3,0.9258974358974359,3.0863247863247865,0.8888888888888888,2.962962962962963
grn_n6_e9_pos50_sign_ratio_rep0,0.3,0.9327801827801829,3.1092672759339433,0.8888888888888888,2.962962962962963
grn_n6_e9_pos50_sign_ratio_rep0,0.3,0.9460784313725492,3.153594771241831,0.8888888888888888,2.962962962962963
grn_n6_e9_pos50_sign_ratio_rep0,0.3,0.9643874643874646,3.2146248812915488,0.8888888888888888,2.962962962962963
grn_n6_e9_pos50_sign_ratio_rep0,0.3,0.9159286097691897,3.053095365897299,0.8888888888888888,2.962962962962963
grn_n6_e9_pos50_sign_ratio_rep0,0.3,0.9507896424563094,3.169298808187698,0.8888888888888888,2.962962962962963
grn_n6_e9_pos50_sign_ratio_rep0,0.3,0.885636035998355,2.952120119994517,0.8888888888888888,2.962962962962963
grn_n6_e9_pos50_sign_ratio_rep0,0.3,0.978787878787879,3.2626262626262634,0.8888888888888888,2.962962962962963
grn_n6_e9_pos50_sign_ratio_rep0,0.3,0.9308300395256919,3.102766798418973,0.8888888888888888,2.962962962962963
grn_n6_e9_pos50_sign_ratio_rep1,0.3,0.7831809293765817,2.6106030979219392,0.6666666666666666,2.2222222222222223
grn_n6_e9_pos50_sign_ratio_rep1,0.3,0.8564957464467269,2.8549858214890897,0.7777777777777778,2.5925925925925926
grn_n6_e9_pos50_sign_ratio_rep1,0.3,0.9429613596280264,3.1432045320934217,0.8888888888888888,2.962962962962963
grn_n6_e9_pos50_sign_ratio_rep1,0.3,0.8013273539997678,2.6710911799992263,0.6666666666666666,2.2222222222222223
grn_n6_e9_pos50_sign_ratio_rep1,0.3,0.9274074074074075,3.0913580246913583,0.8888888888888888,2.962962962962963
grn_n6_e9_pos50_sign_ratio_rep1,0.3,0.7417448292448294,2.4724827641494316,0.6666666666666666,2.2222222222222223
grn_n6_e9_pos50_sign_ratio_rep1,0.3,0.5493707190168169,1.8312357300560564,0.4444444444444444,1.4814814814814814
grn_n6_e9_pos50_sign_ratio_rep1,0.3,0.7610447981137638,2.5368159937125463,0.6666666666666666,2.2222222222222223
grn_n6_e9_pos50_sign_ratio_rep1,0.3,0.8347229205072344,2.782409735024115,0.7777777777777778,2.5925925925925926
grn_n6_e9_pos50_sign_ratio_rep1,0.3,0.7693599789010417,2.5645332630034723,0.6666666666666666,2.2222222222222223
grn_n6_e9_pos50_sign_ratio_rep2,0.3,0.808745242736471,2.6958174757882367,0.7777777777777778,2.5925925925925926
grn_n6_e9_pos50_sign_ratio_rep2,0.3,0.9751543209876545,3.2505144032921818,0.8888888888888888,2.962962962962963
grn_n6_e9_pos50_sign_ratio_rep2,0.3,0.8707977207977209,2.9026590693257366,0.7777777777777778,2.5925925925925926
grn_n6_e9_pos50_sign_ratio_rep2,0.3,0.8503547188106013,2.8345157293686714,0.7777777777777778,2.5925925925925926
grn_n6_e9_pos50_sign_ratio_rep2,0.3,0.823812204521521,2.7460406817384038,0.7777777777777778,2.5925925925925926
grn_n6_e9_pos50_sign_ratio_rep2,0.3,0.8927650322387166,2.975883440795722,0.7777777777777778,2.5925925925925926
grn_n6_e9_pos50_sign_ratio_rep2,0.3,0.9404501362834699,3.134833787611566,0.7777777777777778,2.5925925925925926
grn_n6_e9_pos50_sign_ratio_rep2,0.3,0.87153371320038,2.9051123773346,0.7777777777777778,2.5925925925925926
grn_n6_e9_pos50_sign_ratio_rep2,0.3,0.7900887964613457,2.633629321537819,0.5555555555555556,1.851851851851852
grn_n6_e9_pos50_sign_ratio_rep2,0.3,0.9643874643874646,3.2146248812915488,0.8888888888888888,2.962962962962963
