dataset_id,n_pairs,n_dropped_nan,n_true,rand,auprc,auprc_x,f1,f1_x
grn_n10_e10_c5_a0_pos50_rep0,90,0,10,0.1111111111111111,0.537801229599831,4.84021106639848,0.4000000000000001,3.600000000000001
grn_n10_e10_c5_a0_pos50_rep0,90,0,10,0.1111111111111111,0.5515265413905877,4.96373887251529,0.4000000000000001,3.600000000000001
grn_n10_e10_c5_a0_pos50_rep0,90,0,10,0.1111111111111111,0.601040942320434,5.409368480883907,0.5,4.5
grn_n10_e10_c5_a0_pos50_rep1,90,0,10,0.1111111111111111,0.5197102189749248,4.677391970774323,0.6,5.4
grn_n10_e10_c5_a0_pos50_rep1,90,0,10,0.1111111111111111,0.42333336924513393,3.8100003232062054,0.5,4.5
grn_n10_e10_c5_a0_pos50_rep1,90,0,10,0.1111111111111111,0.47030008262877543,4.232700743658979,0.7,6.3
grn_n10_e10_c5_a0_pos50_rep2,90,0,10,0.1111111111111111,0.5382245962242092,4.844021366017882,0.4000000000000001,3.600000000000001
grn_n10_e10_c5_a0_pos50_rep2,90,0,10,0.1111111111111111,0.5978618448752295,5.3807566038770664,0.4000000000000001,3.600000000000001
grn_n10_e10_c5_a0_pos50_rep2,90,0,10,0.1111111111111111,0.5653269991185592,5.087942992067033,0.4000000000000001,3.600000000000001
grn_n10_e10_c5_a5_pos50_rep0,90,0,10,0.1111111111111111,0.7504751408012278,6.754276267211051,0.5,4.5
grn_n10_e10_c5_a5_pos50_rep0,90,0,10,0.1111111111111111,0.7033509827375926,6.3301588446383334,0.7,6.3
grn_n10_e10_c5_a5_pos50_rep0,90,0,10,0.1111111111111111,0.7018253968253967,6.31642857142857,0.7,6.3
grn_n10_e10_c5_a5_pos50_rep1,90,0,10,0.1111111111111111,0.802216925231631,7.2199523270846795,0.8000000000000002,7.200000000000002
grn_n10_e10_c5_a5_pos50_rep1,90,0,10,0.1111111111111111,0.8356961313540261,7.5212651821862355,0.8000000000000002,7.200000000000002
grn_n10_e10_c5_a5_pos50_rep1,90,0,10,0.1111111111111111,0.7180985646044731,6.462887081440258,0.7,6.3
grn_n10_e10_c5_a5_pos50_rep2,90,0,10,0.1111111111111111,0.6904992612057829,6.214493350852046,0.7,6.3
grn_n10_e10_c5_a5_pos50_rep2,90,0,10,0.1111111111111111,0.7108021337145378,6.397219203430841,0.6,5.4
grn_n10_e10_c5_a5_pos50_rep2,90,0,10,0.1111111111111111,0.8309451659451659,7.478506493506493,0.7,6.3
grn_n10_e10_c8_a0_pos50_rep0,90,0,10,0.1111111111111111,0.5988554841597438,5.389699357437694,0.5,4.5
grn_n10_e10_c8_a0_pos50_rep0,90,0,10,0.1111111111111111,0.6051549892523523,5.446394903271171,0.5,4.5
grn_n10_e10_c8_a0_pos50_rep0,90,0,10,0.1111111111111111,0.613583584290106,5.522252258610954,0.5,4.5
grn_n10_e10_c8_a0_pos50_rep1,90,0,10,0.1111111111111111,0.7213447740769721,6.492102966692749,0.5,4.5
grn_n10_e10_c8_a0_pos50_rep1,90,0,10,0.1111111111111111,0.6979416970497533,6.28147527344778,0.5,4.5
grn_n10_e10_c8_a0_pos50_rep1,90,0,10,0.1111111111111111,0.7395910249171118,6.656319224254006,0.5,4.5
grn_n10_e10_c8_a0_pos50_rep2,90,0,10,0.1111111111111111,0.8432585139318884,7.589326625386996,0.7,6.3
grn_n10_e10_c8_a0_pos50_rep2,90,0,10,0.1111111111111111,0.8790367965367964,7.911331168831168,0.7,6.3
grn_n10_e10_c8_a0_pos50_rep2,90,0,10,0.1111111111111111,0.9382864357864358,8.444577922077922,0.8000000000000002,7.200000000000002
grn_n10_e10_c8_a5_pos50_rep0,90,0,10,0.1111111111111111,0.6810023452901027,6.129021107610925,0.6,5.4
grn_n10_e10_c8_a5_pos50_rep0,90,0,10,0.1111111111111111,0.6070203565615969,5.463183209054373,0.6,5.4
grn_n10_e10_c8_a5_pos50_rep0,90,0,10,0.1111111111111111,0.5824401329664487,5.241961196698038,0.6,5.4
grn_n10_e10_c8_a5_pos50_rep1,90,0,10,0.1111111111111111,0.6282043054658514,5.653838749192663,0.7,6.3
grn_n10_e10_c8_a5_pos50_rep1,90,0,10,0.1111111111111111,0.47513148906146746,4.276183401553207,0.6,5.4
grn_n10_e10_c8_a5_pos50_rep1,90,0,10,0.1111111111111111,0.6247849510040521,5.623064559036469,0.6,5.4
grn_n10_e10_c8_a5_pos50_rep2,90,0,10,0.1111111111111111,0.528830528601751,4.7594747574157585,0.4000000000000001,3.600000000000001
grn_n10_e10_c8_a5_pos50_rep2,90,0,10,0.1111111111111111,0.5576612280689949,5.018951052620954,0.5,4.5
grn_n10_e10_c8_a5_pos50_rep2,90,0,10,0.1111111111111111,0.5446663362303437,4.901997026073094,0.4000000000000001,3.600000000000001
grn_n10_e20_c5_a0_pos50_rep0,90,0,20,0.2222222222222222,0.5844194988112567,2.629887744650655,0.65,2.9250000000000003
grn_n10_e20_c5_a0_pos50_rep0,90,0,20,0.2222222222222222,0.5428533473818594,2.4428400632183673,0.45,2.0250000000000004
grn_n10_e20_c5_a0_pos50_rep0,90,0,20,0.2222222222222222,0.5462536543360755,2.45814144451234,0.6,2.7
grn_n10_e20_c5_a0_pos50_rep1,90,0,20,0.2222222222222222,0.5417708108801225,2.437968648960551,0.45,2.0250000000000004
grn_n10_e20_c5_a0_pos50_rep1,90,0,20,0.2222222222222222,0.570597817307119,2.5676901778820356,0.55,2.4750000000000005
grn_n10_e20_c5_a0_pos50_rep1,90,0,20,0.2222222222222222,0.6248197125477177,2.81168870646473,0.45,2.0250000000000004
grn_n10_e20_c5_a0_pos50_rep2,90,0,20,0.2222222222222222,0.37249927874634925,1.6762467543585717,0.4000000000000001,1.8000000000000005
grn_n10_e20_c5_a0_pos50_rep2,90,0,20,0.2222222222222222,0.38362001288592856,1.7262900579866787,0.45,2.0250000000000004
grn_n10_e20_c5_a0_pos50_rep2,90,0,20,0.2222222222222222,0.3320538114333934,1.4942421514502704,0.4000000000000001,1.8000000000000005
grn_n10_e20_c5_a5_pos50_rep0,90,0,20,0.2222222222222222,0.4532049579094845,2.0394223105926805,0.4000000000000001,1.8000000000000005
grn_n10_e20_c5_a5_pos50_rep0,90,0,20,0.2222222222222222,0.4302921428010848,1.9363146426048816,0.35,1.575
grn_n10_e20_c5_a5_pos50_rep0,90,0,20,0.2222222222222222,0.42929573981563873,1.9318308291703743,0.4000000000000001,1.8000000000000005
grn_n10_e20_c5_a5_pos50_rep1,90,0,20,0.2222222222222222,0.5145112800189923,2.3153007600854654,0.4000000000000001,1.8000000000000005
grn_n10_e20_c5_a5_pos50_rep1,90,0,20,0.2222222222222222,0.6195143960323325,2.7878147821454964,0.6,2.7
grn_n10_e20_c5_a5_pos50_rep1,90,0,20,0.2222222222222222,0.587837228365209,2.6452675276434405,0.55,2.4750000000000005
grn_n10_e20_c5_a5_pos50_rep2,90,0,20,0.2222222222222222,0.69238348824397,3.115725697097865,0.55,2.4750000000000005
grn_n10_e20_c5_a5_pos50_rep2,90,0,20,0.2222222222222222,0.6867822171265058,3.090519977069276,0.6,2.7
grn_n10_e20_c5_a5_pos50_rep2,90,0,20,0.2222222222222222,0.7569696069747718,3.4063632313864733,0.6,2.7
grn_n10_e20_c8_a0_pos50_rep0,90,0,20,0.2222222222222222,0.4826454214803174,2.1719043966614286,0.5,2.25
grn_n10_e20_c8_a0_pos50_rep0,90,0,20,0.2222222222222222,0.4964501978980718,2.2340258905413233,0.5,2.25
grn_n10_e20_c8_a0_pos50_rep0,90,0,20,0.2222222222222222,0.5027903226551682,2.262556451948257,0.5,2.25
grn_n10_e20_c8_a0_pos50_rep1,90,0,20,0.2222222222222222,0.6358894446825929,2.8615025010716684,0.5,2.25
grn_n10_e20_c8_a0_pos50_rep1,90,0,20,0.2222222222222222,0.7043809385748334,3.1697142235867504,0.6,2.7
grn_n10_e20_c8_a0_pos50_rep1,90,0,20,0.2222222222222222,0.6769743599495238,3.0463846197728572,0.6,2.7
grn_n10_e20_c8_a0_pos50_rep2,81,9,17,0.20987654320987653,0.4485302116883024,2.1371145380442647,0.3,1.4294117647058824
grn_n10_e20_c8_a0_pos50_rep2,90,0,20,0.2222222222222222,0.4513762013336317,2.0311929060013427,0.35,1.575
grn_n10_e20_c8_a0_pos50_rep2,90,0,20,0.2222222222222222,0.49284415983303054,2.2177987192486377,0.4000000000000001,1.8000000000000005
grn_n10_e20_c8_a5_pos50_rep0,90,0,20,0.2222222222222222,0.5042166071934305,2.2689747323704377,0.45,2.0250000000000004
grn_n10_e20_c8_a5_pos50_rep0,90,0,20,0.2222222222222222,0.5850966400845163,2.632934880380324,0.55,2.4750000000000005
grn_n10_e20_c8_a5_pos50_rep0,90,0,20,0.2222222222222222,0.5054827641578745,2.2746724387104353,0.5,2.25
grn_n10_e20_c8_a5_pos50_rep1,72,0,14,0.19444444444444445,0.4047039462105174,2.0813345805112324,0.35,1.7999999999999998
grn_n10_e20_c8_a5_pos50_rep1,90,0,20,0.2222222222222222,0.3500848598572851,1.575381869357783,0.3,1.35
grn_n10_e20_c8_a5_pos50_rep1,72,0,14,0.19444444444444445,0.4046416458006918,2.081014178403558,0.3,1.5428571428571427
grn_n10_e20_c8_a5_pos50_rep2,90,0,20,0.2222222222222222,0.43161598759149117,1.9422719441617105,0.45,2.0250000000000004
grn_n10_e20_c8_a5_pos50_rep2,90,0,20,0.2222222222222222,0.40340966064151523,1.8153434728868187,0.35,1.575
grn_n10_e20_c8_a5_pos50_rep2,90,0,20,0.2222222222222222,0.4053864863464883,1.8242391885591973,0.4000000000000001,1.8000000000000005
grn_n6_e12_c3_a0_pos50_rep0,30,0,12,0.4,0.6508424361554033,1.6271060903885082,0.5,1.25
grn_n6_e12_c3_a0_pos50_rep0,30,0,12,0.4,0.6589534818395113,1.6473837045987783,0.5,1.25
grn_n6_e12_c3_a0_pos50_rep0,30,0,12,0.4,0.6810188958526555,1.7025472396316388,0.5,1.25
grn_n6_e12_c3_a0_pos50_rep1,30,0,12,0.4,0.45677161589752163,1.141929039743804,0.3333333333333333,0.8333333333333333
grn_n6_e12_c3_a0_pos50_rep1,28,0,11,0.39285714285714285,0.4478193542890859,1.1399038109176733,0.4166666666666667,1.0606060606060608
grn_n6_e12_c3_a0_pos50_rep1,28,0,11,0.39285714285714285,0.44525102523854343,1.1333662460617469,0.3333333333333333,0.8484848484848485
grn_n6_e12_c3_a0_pos50_rep2,30,0,12,0.4,0.8649129612671279,2.16228240316782,0.6666666666666666,1.6666666666666665
grn_n6_e12_c3_a0_pos50_rep2,30,0,12,0.4,0.851446654231364,2.12861663557841,0.75,1.875
grn_n6_e12_c3_a0_pos50_rep2,30,0,12,0.4,0.7977081571047089,1.9942703927617722,0.75,1.875
grn_n6_e12_c3_a3_pos50_rep0,20,0,7,0.35,0.4789117395209832,1.3683192557742379,0.4166666666666667,1.1904761904761907
grn_n6_e12_c3_a3_pos50_rep0,20,0,7,0.35,0.786048454469507,2.2458527270557345,0.5,1.4285714285714286
grn_n6_e12_c3_a3_pos50_rep0,20,0,7,0.35,0.6607722634508348,1.887920752716671,0.5,1.4285714285714286
grn_n6_e12_c3_a3_pos50_rep1,30,0,12,0.4,0.7049085353693982,1.7622713384234956,0.5833333333333334,1.4583333333333333
grn_n6_e12_c3_a3_pos50_rep1,30,0,12,0.4,0.677798579948516,1.69449644987129,0.5,1.25
grn_n6_e12_c3_a3_pos50_rep1,30,0,12,0.4,0.6473532129803163,1.6183830324507908,0.4166666666666667,1.0416666666666667
grn_n6_e12_c3_a3_pos50_rep2,30,0,12,0.4,0.6297517449792465,1.5743793624481162,0.4166666666666667,1.0416666666666667
grn_n6_e12_c3_a3_pos50_rep2,30,0,12,0.4,0.6332970268454104,1.583242567113526,0.5,1.25
grn_n6_e12_c3_a3_pos50_rep2,30,0,12,0.4,0.6526180096139883,1.6315450240349707,0.5,1.25
grn_n6_e12_c4_a0_pos50_rep0,30,0,12,0.4,0.6692855195751364,1.6732137989378408,0.5833333333333334,1.4583333333333333
grn_n6_e12_c4_a0_pos50_rep0,30,0,12,0.4,0.6673901265716281,1.6684753164290702,0.75,1.875
grn_n6_e12_c4_a0_pos50_rep0,30,0,12,0.4,0.7410134738627386,1.8525336846568465,0.6666666666666666,1.6666666666666665
grn_n6_e12_c4_a0_pos50_rep1,30,0,12,0.4,0.6459385506803986,1.6148463767009964,0.5833333333333334,1.4583333333333333
grn_n6_e12_c4_a0_pos50_rep1,30,0,12,0.4,0.6766711745115636,1.6916779362789087,0.6666666666666666,1.6666666666666665
grn_n6_e12_c4_a0_pos50_rep1,30,0,12,0.4,0.6805006837788146,1.7012517094470363,0.6666666666666666,1.6666666666666665
grn_n6_e12_c4_a0_pos50_rep2,30,0,12,0.4,0.5779944014668758,1.4449860036671893,0.5,1.25
grn_n6_e12_c4_a0_pos50_rep2,30,0,12,0.4,0.43302710440391595,1.08256776100979,0.5,1.25
grn_n6_e12_c4_a0_pos50_rep2,30,0,12,0.4,0.47450900802731466,1.1862725200682867,0.5833333333333334,1.4583333333333333
grn_n6_e12_c4_a3_pos50_rep0,30,0,12,0.4,0.721384971225676,1.80346242806419,0.5833333333333334,1.4583333333333333
grn_n6_e12_c4_a3_pos50_rep0,30,0,12,0.4,0.7290777034728251,1.8226942586820627,0.5833333333333334,1.4583333333333333
grn_n6_e12_c4_a3_pos50_rep0,30,0,12,0.4,0.7362853648139774,1.8407134120349435,0.5833333333333334,1.4583333333333333
grn_n6_e12_c4_a3_pos50_rep1,30,0,12,0.4,0.5847302596503654,1.4618256491259134,0.5,1.25
grn_n6_e12_c4_a3_pos50_rep1,30,0,12,0.4,0.6540140530061931,1.6350351325154826,0.5833333333333334,1.4583333333333333
grn_n6_e12_c4_a3_pos50_rep1,30,0,12,0.4,0.66234500554676,1.6558625138668999,0.5,1.25
grn_n6_e12_c4_a3_pos50_rep2,30,0,12,0.4,0.7525761275761277,1.881440318940319,0.6666666666666666,1.6666666666666665
grn_n6_e12_c4_a3_pos50_rep2,30,0,12,0.4,0.7437199364906565,1.859299841226641,0.5833333333333334,1.4583333333333333
grn_n6_e12_c4_a3_pos50_rep2,30,0,12,0.4,0.7271457120689577,1.8178642801723943,0.6666666666666666,1.6666666666666665
grn_n6_e6_c3_a0_pos50_rep0,30,0,6,0.2,0.4741582491582491,2.3707912457912452,0.6666666666666666,3.333333333333333
grn_n6_e6_c3_a0_pos50_rep0,30,0,6,0.2,0.5156746031746031,2.5783730158730154,0.6666666666666666,3.333333333333333
grn_n6_e6_c3_a0_pos50_rep0,30,0,6,0.2,0.5454365079365079,2.727182539682539,0.6666666666666666,3.333333333333333
grn_n6_e6_c3_a0_pos50_rep1,30,0,6,0.2,0.40507779866332494,2.0253889933166245,0.3333333333333333,1.6666666666666665
grn_n6_e6_c3_a0_pos50_rep1,30,0,6,0.2,0.4439652696231643,2.2198263481158214,0.3333333333333333,1.6666666666666665
grn_n6_e6_c3_a0_pos50_rep1,30,0,6,0.2,0.5392751651942829,2.696375825971414,0.3333333333333333,1.6666666666666665
grn_n6_e6_c3_a0_pos50_rep2,28,0,5,0.17857142857142858,0.6712499999999999,3.7589999999999995,0.6666666666666666,3.733333333333333
grn_n6_e6_c3_a0_pos50_rep2,30,0,6,0.2,0.6162669234360411,3.081334617180205,0.6666666666666666,3.333333333333333
grn_n6_e6_c3_a0_pos50_rep2,30,0,6,0.2,0.7888888888888889,3.944444444444444,0.6666666666666666,3.333333333333333
grn_n6_e6_c3_a3_pos50_rep0,30,0,6,0.2,0.4437082525317819,2.2185412626589094,0.3333333333333333,1.6666666666666665
grn_n6_e6_c3_a3_pos50_rep0,30,0,6,0.2,0.4120684870684871,2.0603424353424353,0.3333333333333333,1.6666666666666665
grn_n6_e6_c3_a3_pos50_rep0,30,0,6,0.2,0.42624320124320125,2.131216006216006,0.16666666666666666,0.8333333333333333
grn_n6_e6_c3_a3_pos50_rep1,30,0,6,0.2,0.8282738095238095,4.1413690476190474,0.6666666666666666,3.333333333333333
grn_n6_e6_c3_a3_pos50_rep1,30,0,6,0.2,0.7336815961815961,3.6684079809079804,0.5,2.5
grn_n6_e6_c3_a3_pos50_rep1,30,0,6,0.2,0.7652777777777777,3.8263888888888884,0.6666666666666666,3.333333333333333
grn_n6_e6_c3_a3_pos50_rep2,30,0,6,0.2,0.5512311762311762,2.756155881155881,0.3333333333333333,1.6666666666666665
grn_n6_e6_c3_a3_pos50_rep2,30,0,6,0.2,0.8612914862914862,4.306457431457431,0.6666666666666666,3.333333333333333
grn_n6_e6_c3_a3_pos50_rep2,30,0,6,0.2,0.8688672438672438,4.344336219336219,0.6666666666666666,3.333333333333333
grn_n6_e6_c4_a0_pos50_rep0,30,0,6,0.2,0.794047619047619,3.970238095238095,0.6666666666666666,3.333333333333333
grn_n6_e6_c4_a0_pos50_rep0,30,0,6,0.2,0.794047619047619,3.970238095238095,0.6666666666666666,3.333333333333333
grn_n6_e6_c4_a0_pos50_rep0,30,0,6,0.2,0.8128968253968254,4.0644841269841265,0.6666666666666666,3.333333333333333
grn_n6_e6_c4_a0_pos50_rep1,30,0,6,0.2,0.9553571428571428,4.7767857142857135,0.8333333333333334,4.166666666666667
grn_n6_e6_c4_a0_pos50_rep1,30,0,6,0.2,0.9436507936507936,4.7182539682539675,0.8333333333333334,4.166666666666667
grn_n6_e6_c4_a0_pos50_rep1,30,0,6,0.2,0.9436507936507936,4.7182539682539675,0.8333333333333334,4.166666666666667
grn_n6_e6_c4_a0_pos50_rep2,30,0,6,0.2,0.6490221766537556,3.245110883268778,0.5,2.5
grn_n6_e6_c4_a0_pos50_rep2,30,0,6,0.2,0.6513412269991217,3.2567061349956083,0.5,2.5
grn_n6_e6_c4_a0_pos50_rep2,30,0,6,0.2,0.628665293040293,3.1433264652014645,0.5,2.5
grn_n6_e6_c4_a3_pos50_rep0,30,0,6,0.2,0.6654320987654321,3.32716049382716,0.6666666666666666,3.333333333333333
grn_n6_e6_c4_a3_pos50_rep0,30,0,6,0.2,0.9742063492063491,4.871031746031745,0.8333333333333334,4.166666666666667
grn_n6_e6_c4_a3_pos50_rep0,30,0,6,0.2,0.8384615384615384,4.192307692307692,0.8333333333333334,4.166666666666667
grn_n6_e6_c4_a3_pos50_rep1,30,0,6,0.2,0.5084931830621485,2.5424659153107423,0.5,2.5
grn_n6_e6_c4_a3_pos50_rep1,30,0,6,0.2,0.48614331071227623,2.430716553561381,0.5,2.5
grn_n6_e6_c4_a3_pos50_rep1,30,0,6,0.2,0.5080487567987568,2.540243783993784,0.5,2.5
grn_n6_e6_c4_a3_pos50_rep2,30,0,6,0.2,0.6534391534391534,3.2671957671957665,0.5,2.5
grn_n6_e6_c4_a3_pos50_rep2,30,0,6,0.2,0.7452314814814814,3.726157407407407,0.6666666666666666,3.333333333333333
grn_n6_e6_c4_a3_pos50_rep2,30,0,6,0.2,0.8612914862914862,4.306457431457431,0.6666666666666666,3.333333333333333
