method,auprc_x,auprc_x_signed,retention
cross-corr-only,2.824977993450722,5.547380497578409,1.9636898094212272
TODO4v2(nogate),2.3058585184894476,4.488193589952939,1.9464306044644597
PPCOR,1.723357732142328,3.1874356753492052,1.849549641319602
PEARSON,1.6993385451617862,3.287285043083534,1.93444976131614
PIDC,1.5640241526958434,2.4316358153916267,1.5547303481217456
GRNBOOST2,1.4880223396030732,2.3764731222537407,1.5970681749896711
SCSGL,1.2471766910801176,2.1126383438419674,1.6939366803049507
SCODE,1.1100260501155315,1.5163135608459442,1.3660161945641962
GENIE3,0.9905442537424951,1.4010407217143714,1.4144150717354929
