group,dataset_id,rep,method,variant,auprc,f1_topk
13 edges,n6_e13_pos100_rep1,0,GENIE3,directed_unsigned,0.5794803343987723,0.5615384615384615
13 edges,n6_e13_pos100_rep1,0,GENIE3,signed_directed,0.5794803343987723,0.5615384615384615
13 edges,n6_e13_pos100_rep1,0,GENIE3,undirected,0.7038826971639471,0.625
13 edges,n6_e13_pos100_rep1,0,GRNBOOST2,directed_unsigned,0.516063815103165,0.4769230769230769
13 edges,n6_e13_pos100_rep1,0,GRNBOOST2,signed_directed,0.516063815103165,0.4769230769230769
13 edges,n6_e13_pos100_rep1,0,GRNBOOST2,undirected,0.5833935508935509,0.525
13 edges,n6_e13_pos100_rep1,0,PEARSON,directed_unsigned,0.6106879765533612,0.5481481481481482
13 edges,n6_e13_pos100_rep1,0,PEARSON,signed_directed,0.5550871510967664,0.5259259259259259
13 edges,n6_e13_pos100_rep1,0,PEARSON,undirected,0.7078856386668886,0.6125
13 edges,n6_e13_pos100_rep1,0,PIDC,directed_unsigned,0.612392778162009,0.5555555555555556
13 edges,n6_e13_pos100_rep1,0,PIDC,signed_directed,0.612392778162009,0.5555555555555556
13 edges,n6_e13_pos100_rep1,0,PIDC,undirected,0.7055467796092796,0.6375
13 edges,n6_e13_pos100_rep1,0,PPCOR,directed_unsigned,0.5776275223645133,0.5353276353276354
13 edges,n6_e13_pos100_rep1,0,PPCOR,signed_directed,0.5223433033783713,0.49059829059829063
13 edges,n6_e13_pos100_rep1,0,PPCOR,undirected,0.6868274087024087,0.6
13 edges,n6_e13_pos100_rep1,0,SCODE,directed_unsigned,0.4724051341447805,0.4384615384615384
13 edges,n6_e13_pos100_rep1,0,SCODE,signed_directed,0.4724051341447805,0.4384615384615384
13 edges,n6_e13_pos100_rep1,0,SCODE,undirected,0.5936070353257853,0.5
13 edges,n6_e13_pos100_rep1,0,SCSGL,directed_unsigned,0.5080597180597181,0.49629629629629635
13 edges,n6_e13_pos100_rep1,0,SCSGL,signed_directed,0.3420015721458029,0.34074074074074073
13 edges,n6_e13_pos100_rep1,0,SCSGL,undirected,0.6182069666444667,0.575
13 edges,n6_e13_pos100_rep1,0,TODO4v2,directed_unsigned,0.580317269379194,0.49230769230769234
13 edges,n6_e13_pos100_rep1,0,TODO4v2,signed_directed,0.5245658076288783,0.46153846153846156
13 edges,n6_e13_pos100_rep1,0,TODO4v2,undirected,0.6816673257298257,0.575
13 edges,n6_e13_pos100_rep2,1,GENIE3,directed_unsigned,0.40500362582590216,0.3769230769230769
13 edges,n6_e13_pos100_rep2,1,GENIE3,signed_directed,0.40500362582590216,0.3769230769230769
13 edges,n6_e13_pos100_rep2,1,GENIE3,undirected,0.7948771430589613,0.7545454545454546
13 edges,n6_e13_pos100_rep2,1,GRNBOOST2,directed_unsigned,0.5032271177201362,0.4692307692307692
13 edges,n6_e13_pos100_rep2,1,GRNBOOST2,signed_directed,0.5032271177201362,0.4692307692307692
13 edges,n6_e13_pos100_rep2,1,GRNBOOST2,undirected,0.7725139759230668,0.7545454545454546
13 edges,n6_e13_pos100_rep2,1,PEARSON,directed_unsigned,0.514875098192406,0.5111111111111112
13 edges,n6_e13_pos100_rep2,1,PEARSON,signed_directed,0.4333380561745946,0.4296296296296297
13 edges,n6_e13_pos100_rep2,1,PEARSON,undirected,0.8136877011877012,0.7363636363636364
13 edges,n6_e13_pos100_rep2,1,PIDC,directed_unsigned,0.4812809893098354,0.47407407407407415
13 edges,n6_e13_pos100_rep2,1,PIDC,signed_directed,0.4812809893098354,0.47407407407407415
13 edges,n6_e13_pos100_rep2,1,PIDC,undirected,0.7820658129749039,0.7545454545454546
13 edges,n6_e13_pos100_rep2,1,PPCOR,directed_unsigned,0.5129811534619226,0.48888888888888893
13 edges,n6_e13_pos100_rep2,1,PPCOR,signed_directed,0.4477567304490381,0.4222222222222222
13 edges,n6_e13_pos100_rep2,1,PPCOR,undirected,0.8044918843782479,0.7181818181818181
13 edges,n6_e13_pos100_rep2,1,SCODE,directed_unsigned,0.4436775492902797,0.41538461538461535
13 edges,n6_e13_pos100_rep2,1,SCODE,signed_directed,0.4436775492902797,0.41538461538461535
13 edges,n6_e13_pos100_rep2,1,SCODE,undirected,0.8426063204472296,0.7727272727272727
13 edges,n6_e13_pos100_rep2,1,SCSGL,directed_unsigned,0.4504238656642502,0.4444444444444445
13 edges,n6_e13_pos100_rep2,1,SCSGL,signed_directed,0.2852057717923102,0.2740740740740741
13 edges,n6_e13_pos100_rep2,1,SCSGL,undirected,0.7219210839665384,0.7363636363636364
13 edges,n6_e13_pos100_rep2,1,TODO4v2,directed_unsigned,0.6053024652112393,0.5230769230769231
13 edges,n6_e13_pos100_rep2,1,TODO4v2,signed_directed,0.5107712032143409,0.48461538461538467
13 edges,n6_e13_pos100_rep2,1,TODO4v2,undirected,0.855493622539077,0.7818181818181819
13 edges,n6_e13_pos100_rep3,2,GENIE3,directed_unsigned,0.41981728543324026,0.4076923076923077
13 edges,n6_e13_pos100_rep3,2,GENIE3,signed_directed,0.41981728543324026,0.4076923076923077
13 edges,n6_e13_pos100_rep3,2,GENIE3,undirected,0.7100180683514017,0.6444444444444445
13 edges,n6_e13_pos100_rep3,2,GRNBOOST2,directed_unsigned,0.5395485486008642,0.4923076923076922
13 edges,n6_e13_pos100_rep3,2,GRNBOOST2,signed_directed,0.5395485486008642,0.4923076923076922
13 edges,n6_e13_pos100_rep3,2,GRNBOOST2,undirected,0.6621035754369088,0.611111111111111
13 edges,n6_e13_pos100_rep3,2,PEARSON,directed_unsigned,0.59589220074797,0.5407407407407409
13 edges,n6_e13_pos100_rep3,2,PEARSON,signed_directed,0.5536660668391438,0.5185185185185186
13 edges,n6_e13_pos100_rep3,2,PEARSON,undirected,0.7028420190920193,0.6222222222222222
13 edges,n6_e13_pos100_rep3,2,PIDC,directed_unsigned,0.5090720444085829,0.49629629629629635
13 edges,n6_e13_pos100_rep3,2,PIDC,signed_directed,0.5090720444085829,0.49629629629629635
13 edges,n6_e13_pos100_rep3,2,PIDC,undirected,0.6865072119238786,0.6
13 edges,n6_e13_pos100_rep3,2,PPCOR,directed_unsigned,0.5882250452538914,0.5333333333333334
13 edges,n6_e13_pos100_rep3,2,PPCOR,signed_directed,0.5526799269106961,0.5185185185185186
13 edges,n6_e13_pos100_rep3,2,PPCOR,undirected,0.6913821517988186,0.6333333333333333
13 edges,n6_e13_pos100_rep3,2,SCODE,directed_unsigned,0.46761254948316183,0.45384615384615384
13 edges,n6_e13_pos100_rep3,2,SCODE,signed_directed,0.46761254948316183,0.45384615384615384
13 edges,n6_e13_pos100_rep3,2,SCODE,undirected,0.6802517852517853,0.6777777777777778
13 edges,n6_e13_pos100_rep3,2,SCSGL,directed_unsigned,0.49219783955360885,0.4296296296296297
13 edges,n6_e13_pos100_rep3,2,SCSGL,signed_directed,0.3578814454775993,0.32592592592592595
13 edges,n6_e13_pos100_rep3,2,SCSGL,undirected,0.603259641592975,0.5777777777777777
13 edges,n6_e13_pos100_rep3,2,TODO4v2,directed_unsigned,0.6059001312996619,0.5153846153846154
13 edges,n6_e13_pos100_rep3,2,TODO4v2,signed_directed,0.5376372782013108,0.4615384615384615
13 edges,n6_e13_pos100_rep3,2,TODO4v2,undirected,0.7628724516224518,0.6888888888888889
5 edges,grn_n6_e5_pos100_density_rep0,0,GENIE3,directed_unsigned,0.13056275397932066,0.1
5 edges,grn_n6_e5_pos100_density_rep0,0,GENIE3,signed_directed,0.13056275397932066,0.1
5 edges,grn_n6_e5_pos100_density_rep0,0,GENIE3,undirected,0.3466286491286491,0.26000000000000006
5 edges,grn_n6_e5_pos100_density_rep0,0,GRNBOOST2,directed_unsigned,0.26789569894779913,0.2
5 edges,grn_n6_e5_pos100_density_rep0,0,GRNBOOST2,signed_directed,0.26789569894779913,0.2
5 edges,grn_n6_e5_pos100_density_rep0,0,GRNBOOST2,undirected,0.6641580919080919,0.7000000000000001
5 edges,grn_n6_e5_pos100_density_rep0,0,PEARSON,directed_unsigned,0.34769566544566544,0.3636363636363636
5 edges,grn_n6_e5_pos100_density_rep0,0,PEARSON,signed_directed,0.34769566544566544,0.3636363636363636
5 edges,grn_n6_e5_pos100_density_rep0,0,PEARSON,undirected,0.6553913308913308,0.7600000000000001
5 edges,grn_n6_e5_pos100_density_rep0,0,PIDC,directed_unsigned,0.3400312465312465,0.32727272727272727
5 edges,grn_n6_e5_pos100_density_rep0,0,PIDC,signed_directed,0.3400312465312465,0.32727272727272727
5 edges,grn_n6_e5_pos100_density_rep0,0,PIDC,undirected,0.6100624930624929,0.56
5 edges,grn_n6_e5_pos100_density_rep0,0,PPCOR,directed_unsigned,0.344569264069264,0.3654545454545454
5 edges,grn_n6_e5_pos100_density_rep0,0,PPCOR,signed_directed,0.33540259740259737,0.3654545454545454
5 edges,grn_n6_e5_pos100_density_rep0,0,PPCOR,undirected,0.6503333333333333,0.7266666666666667
5 edges,grn_n6_e5_pos100_density_rep0,0,SCODE,directed_unsigned,0.18010136389893744,0.12000000000000002
5 edges,grn_n6_e5_pos100_density_rep0,0,SCODE,signed_directed,0.18010136389893744,0.12000000000000002
5 edges,grn_n6_e5_pos100_density_rep0,0,SCODE,undirected,0.42483449883449875,0.36000000000000004
5 edges,grn_n6_e5_pos100_density_rep0,0,SCSGL,directed_unsigned,0.22043754856254855,0.21818181818181817
5 edges,grn_n6_e5_pos100_density_rep0,0,SCSGL,signed_directed,0.21107962870462868,0.21818181818181817
5 edges,grn_n6_e5_pos100_density_rep0,0,SCSGL,undirected,0.4008750971250971,0.34
5 edges,grn_n6_e5_pos100_density_rep0,0,TODO4v2,directed_unsigned,0.718586901660431,0.5599999999999999
5 edges,grn_n6_e5_pos100_density_rep0,0,TODO4v2,signed_directed,0.718586901660431,0.5599999999999999
5 edges,grn_n6_e5_pos100_density_rep0,0,TODO4v2,undirected,0.803041514041514,0.7600000000000001
5 edges,grn_n6_e5_pos100_density_rep1,1,GENIE3,directed_unsigned,0.10736943992206358,0.02
5 edges,grn_n6_e5_pos100_density_rep1,1,GENIE3,signed_directed,0.10736943992206358,0.02
5 edges,grn_n6_e5_pos100_density_rep1,1,GENIE3,undirected,0.3651286491286491,0.34
5 edges,grn_n6_e5_pos100_density_rep1,1,GRNBOOST2,directed_unsigned,0.1746995098069871,0.12000000000000002
5 edges,grn_n6_e5_pos100_density_rep1,1,GRNBOOST2,signed_directed,0.1746995098069871,0.12000000000000002
5 edges,grn_n6_e5_pos100_density_rep1,1,GRNBOOST2,undirected,0.4437844377844377,0.54
5 edges,grn_n6_e5_pos100_density_rep1,1,PEARSON,directed_unsigned,0.24661309523809521,0.1818181818181818
5 edges,grn_n6_e5_pos100_density_rep1,1,PEARSON,signed_directed,0.24661309523809521,0.1818181818181818
5 edges,grn_n6_e5_pos100_density_rep1,1,PEARSON,undirected,0.4832261904761904,0.58
5 edges,grn_n6_e5_pos100_density_rep1,1,PIDC,directed_unsigned,0.1728782051282051,0.0909090909090909
5 edges,grn_n6_e5_pos100_density_rep1,1,PIDC,signed_directed,0.17287820512820506,0.0909090909090909
5 edges,grn_n6_e5_pos100_density_rep1,1,PIDC,undirected,0.34575641025641024,0.34
5 edges,grn_n6_e5_pos100_density_rep1,1,PPCOR,directed_unsigned,0.22876190476190472,0.19999999999999998
5 edges,grn_n6_e5_pos100_density_rep1,1,PPCOR,signed_directed,0.21709523809523806,0.19999999999999998
5 edges,grn_n6_e5_pos100_density_rep1,1,PPCOR,undirected,0.4475238095238095,0.5444444444444445
5 edges,grn_n6_e5_pos100_density_rep1,1,SCODE,directed_unsigned,0.12902489698166017,0.06000000000000001
5 edges,grn_n6_e5_pos100_density_rep1,1,SCODE,signed_directed,0.12902489698166017,0.06000000000000001
5 edges,grn_n6_e5_pos100_density_rep1,1,SCODE,undirected,0.43765723165723164,0.38000000000000006
5 edges,grn_n6_e5_pos100_density_rep1,1,SCSGL,directed_unsigned,0.14992581030081026,0.16363636363636364
5 edges,grn_n6_e5_pos100_density_rep1,1,SCSGL,signed_directed,0.14458069708069704,0.16363636363636364
5 edges,grn_n6_e5_pos100_density_rep1,1,SCSGL,undirected,0.29985162060162057,0.32
5 edges,grn_n6_e5_pos100_density_rep1,1,TODO4v2,directed_unsigned,0.5742751692751693,0.4600000000000001
5 edges,grn_n6_e5_pos100_density_rep1,1,TODO4v2,signed_directed,0.5742751692751693,0.4600000000000001
5 edges,grn_n6_e5_pos100_density_rep1,1,TODO4v2,undirected,0.6807200577200577,0.66
5 edges,grn_n6_e5_pos100_density_rep2,2,GENIE3,directed_unsigned,0.10979316224868743,0.0
5 edges,grn_n6_e5_pos100_density_rep2,2,GENIE3,signed_directed,0.10979316224868745,0.0
5 edges,grn_n6_e5_pos100_density_rep2,2,GENIE3,undirected,0.20981140387390385,0.07500000000000001
5 edges,grn_n6_e5_pos100_density_rep2,2,GRNBOOST2,directed_unsigned,0.46519804756646865,0.4800000000000001
5 edges,grn_n6_e5_pos100_density_rep2,2,GRNBOOST2,signed_directed,0.46519804756646865,0.4800000000000001
5 edges,grn_n6_e5_pos100_density_rep2,2,GRNBOOST2,undirected,0.8995595238095238,0.8400000000000001
5 edges,grn_n6_e5_pos100_density_rep2,2,PEARSON,directed_unsigned,0.5074702380952381,0.47272727272727266
5 edges,grn_n6_e5_pos100_density_rep2,2,PEARSON,signed_directed,0.5074702380952381,0.47272727272727266
5 edges,grn_n6_e5_pos100_density_rep2,2,PEARSON,undirected,0.9149404761904762,0.8400000000000001
5 edges,grn_n6_e5_pos100_density_rep2,2,PIDC,directed_unsigned,0.4464570707070707,0.43636363636363634
5 edges,grn_n6_e5_pos100_density_rep2,2,PIDC,signed_directed,0.4464570707070707,0.43636363636363634
5 edges,grn_n6_e5_pos100_density_rep2,2,PIDC,undirected,0.8029141414141414,0.76
5 edges,grn_n6_e5_pos100_density_rep2,2,PPCOR,directed_unsigned,0.5048333333333334,0.49090909090909085
5 edges,grn_n6_e5_pos100_density_rep2,2,PPCOR,signed_directed,0.5031666666666667,0.49090909090909085
5 edges,grn_n6_e5_pos100_density_rep2,2,PPCOR,undirected,0.9063333333333332,0.8600000000000001
5 edges,grn_n6_e5_pos100_density_rep2,2,SCODE,directed_unsigned,0.19909506837987104,0.14
5 edges,grn_n6_e5_pos100_density_rep2,2,SCODE,signed_directed,0.19909506837987104,0.14
5 edges,grn_n6_e5_pos100_density_rep2,2,SCODE,undirected,0.3658849761349761,0.32000000000000006
5 edges,grn_n6_e5_pos100_density_rep2,2,SCSGL,directed_unsigned,0.2324336774336774,0.19999999999999998
5 edges,grn_n6_e5_pos100_density_rep2,2,SCSGL,signed_directed,0.23160034410034408,0.19999999999999998
5 edges,grn_n6_e5_pos100_density_rep2,2,SCSGL,undirected,0.4348673548673549,0.4
5 edges,grn_n6_e5_pos100_density_rep2,2,TODO4v2,directed_unsigned,0.9141514202172096,0.8000000000000002
5 edges,grn_n6_e5_pos100_density_rep2,2,TODO4v2,signed_directed,0.9141514202172096,0.8000000000000002
5 edges,grn_n6_e5_pos100_density_rep2,2,TODO4v2,undirected,0.9467802197802199,0.8600000000000001
9 edges,grn_n6_e9_pos100_center_rep0,0,GENIE3,directed_unsigned,0.4042303937476822,0.4111111111111111
9 edges,grn_n6_e9_pos100_center_rep0,0,GENIE3,signed_directed,0.40423039374768227,0.4111111111111111
9 edges,grn_n6_e9_pos100_center_rep0,0,GENIE3,undirected,0.8156198365126937,0.7142857142857142
9 edges,grn_n6_e9_pos100_center_rep0,0,GRNBOOST2,directed_unsigned,0.5683268080175006,0.5
9 edges,grn_n6_e9_pos100_center_rep0,0,GRNBOOST2,signed_directed,0.5683268080175006,0.5
9 edges,grn_n6_e9_pos100_center_rep0,0,GRNBOOST2,undirected,0.7748356603713746,0.7
9 edges,grn_n6_e9_pos100_center_rep0,0,PEARSON,directed_unsigned,0.6269401431901432,0.5473684210526315
9 edges,grn_n6_e9_pos100_center_rep0,0,PEARSON,signed_directed,0.6230522718022719,0.5473684210526315
9 edges,grn_n6_e9_pos100_center_rep0,0,PEARSON,undirected,0.7783581894296179,0.6571428571428571
9 edges,grn_n6_e9_pos100_center_rep0,0,PIDC,directed_unsigned,0.6211508476091809,0.5894736842105263
9 edges,grn_n6_e9_pos100_center_rep0,0,PIDC,signed_directed,0.6211508476091809,0.5894736842105263
9 edges,grn_n6_e9_pos100_center_rep0,0,PIDC,undirected,0.8061189207617778,0.7
9 edges,grn_n6_e9_pos100_center_rep0,0,PPCOR,directed_unsigned,0.6242129629629629,0.4311589339453116
9 edges,grn_n6_e9_pos100_center_rep0,0,PPCOR,signed_directed,0.5717129629629629,0.4311589339453116
9 edges,grn_n6_e9_pos100_center_rep0,0,PPCOR,undirected,0.7648809523809523,0.4348484848484849
9 edges,grn_n6_e9_pos100_center_rep0,0,SCODE,directed_unsigned,0.36509158996018887,0.3333333333333333
9 edges,grn_n6_e9_pos100_center_rep0,0,SCODE,signed_directed,0.36509158996018887,0.3333333333333333
9 edges,grn_n6_e9_pos100_center_rep0,0,SCODE,undirected,0.6391785000713572,0.5714285714285714
9 edges,grn_n6_e9_pos100_center_rep0,0,SCSGL,directed_unsigned,0.3740323796573796,0.368421052631579
9 edges,grn_n6_e9_pos100_center_rep0,0,SCSGL,signed_directed,0.30411976141142805,0.3157894736842105
9 edges,grn_n6_e9_pos100_center_rep0,0,SCSGL,undirected,0.5099876115947544,0.5142857142857142
9 edges,grn_n6_e9_pos100_center_rep0,0,TODO4v2,directed_unsigned,0.5798984231750008,0.48888888888888893
9 edges,grn_n6_e9_pos100_center_rep0,0,TODO4v2,signed_directed,0.5494808733825438,0.48888888888888893
9 edges,grn_n6_e9_pos100_center_rep0,0,TODO4v2,undirected,0.7546505676862819,0.6142857142857142
9 edges,grn_n6_e9_pos100_center_rep1,1,GENIE3,directed_unsigned,0.20957163972700293,0.1
9 edges,grn_n6_e9_pos100_center_rep1,1,GENIE3,signed_directed,0.20957163972700293,0.1
9 edges,grn_n6_e9_pos100_center_rep1,1,GENIE3,undirected,0.3646229365872222,0.2857142857142857
9 edges,grn_n6_e9_pos100_center_rep1,1,GRNBOOST2,directed_unsigned,0.6885188560583578,0.611111111111111
9 edges,grn_n6_e9_pos100_center_rep1,1,GRNBOOST2,signed_directed,0.6885188560583578,0.611111111111111
9 edges,grn_n6_e9_pos100_center_rep1,1,GRNBOOST2,undirected,0.7567402042402042,0.6428571428571429
9 edges,grn_n6_e9_pos100_center_rep1,1,PEARSON,directed_unsigned,0.5935366947866948,0.4842105263157895
9 edges,grn_n6_e9_pos100_center_rep1,1,PEARSON,signed_directed,0.5887672435589102,0.4842105263157895
9 edges,grn_n6_e9_pos100_center_rep1,1,PEARSON,undirected,0.7035649073149072,0.5857142857142856
9 edges,grn_n6_e9_pos100_center_rep1,1,PIDC,directed_unsigned,0.6277225089725089,0.6421052631578947
9 edges,grn_n6_e9_pos100_center_rep1,1,PIDC,signed_directed,0.6277225089725089,0.6421052631578947
9 edges,grn_n6_e9_pos100_center_rep1,1,PIDC,undirected,0.8201746666032379,0.7571428571428571
9 edges,grn_n6_e9_pos100_center_rep1,1,PPCOR,directed_unsigned,0.5999537037037037,0.4790092879256965
9 edges,grn_n6_e9_pos100_center_rep1,1,PPCOR,signed_directed,0.5632870370370371,0.4790092879256965
9 edges,grn_n6_e9_pos100_center_rep1,1,PPCOR,undirected,0.7051870748299319,0.5367199467199467
9 edges,grn_n6_e9_pos100_center_rep1,1,SCODE,directed_unsigned,0.31255622515929365,0.3111111111111111
9 edges,grn_n6_e9_pos100_center_rep1,1,SCODE,signed_directed,0.31255622515929365,0.3111111111111111
9 edges,grn_n6_e9_pos100_center_rep1,1,SCODE,undirected,0.5065018711447282,0.5142857142857142
9 edges,grn_n6_e9_pos100_center_rep1,1,SCSGL,directed_unsigned,0.41599880058213384,0.3894736842105263
9 edges,grn_n6_e9_pos100_center_rep1,1,SCSGL,signed_directed,0.3572724728974729,0.3789473684210526
9 edges,grn_n6_e9_pos100_center_rep1,1,SCSGL,undirected,0.5253752200180771,0.5142857142857142
9 edges,grn_n6_e9_pos100_center_rep1,1,TODO4v2,directed_unsigned,0.6283114550458555,0.5333333333333333
9 edges,grn_n6_e9_pos100_center_rep1,1,TODO4v2,signed_directed,0.6100968980225597,0.5333333333333333
9 edges,grn_n6_e9_pos100_center_rep1,1,TODO4v2,undirected,0.7024926065997494,0.6
9 edges,grn_n6_e9_pos100_center_rep2,2,GENIE3,directed_unsigned,0.25433682033446153,0.2
9 edges,grn_n6_e9_pos100_center_rep2,2,GENIE3,signed_directed,0.25433682033446153,0.2
9 edges,grn_n6_e9_pos100_center_rep2,2,GENIE3,undirected,0.5481348743848743,0.611111111111111
9 edges,grn_n6_e9_pos100_center_rep2,2,GRNBOOST2,directed_unsigned,0.4819622186494982,0.5333333333333333
9 edges,grn_n6_e9_pos100_center_rep2,2,GRNBOOST2,signed_directed,0.4819622186494982,0.5333333333333333
9 edges,grn_n6_e9_pos100_center_rep2,2,GRNBOOST2,undirected,0.8759287625954293,0.8
9 edges,grn_n6_e9_pos100_center_rep2,2,PEARSON,directed_unsigned,0.48515669515669513,0.4947368421052632
9 edges,grn_n6_e9_pos100_center_rep2,2,PEARSON,signed_directed,0.4791980550313883,0.4947368421052632
9 edges,grn_n6_e9_pos100_center_rep2,2,PEARSON,undirected,0.9147578347578349,0.8111111111111111
9 edges,grn_n6_e9_pos100_center_rep2,2,PIDC,directed_unsigned,0.4228704705788039,0.4421052631578948
9 edges,grn_n6_e9_pos100_center_rep2,2,PIDC,signed_directed,0.4228704705788039,0.4421052631578948
9 edges,grn_n6_e9_pos100_center_rep2,2,PIDC,undirected,0.806852052268719,0.7666666666666666
9 edges,grn_n6_e9_pos100_center_rep2,2,PPCOR,directed_unsigned,0.46587512025012023,0.4842105263157895
9 edges,grn_n6_e9_pos100_center_rep2,2,PPCOR,signed_directed,0.4375417869167869,0.4842105263157895
9 edges,grn_n6_e9_pos100_center_rep2,2,PPCOR,undirected,0.8890806878306879,0.7330672268907563
9 edges,grn_n6_e9_pos100_center_rep2,2,SCODE,directed_unsigned,0.30767161766471884,0.28888888888888886
9 edges,grn_n6_e9_pos100_center_rep2,2,SCODE,signed_directed,0.30767161766471884,0.28888888888888886
9 edges,grn_n6_e9_pos100_center_rep2,2,SCODE,undirected,0.7066059249392583,0.6444444444444445
9 edges,grn_n6_e9_pos100_center_rep2,2,SCSGL,directed_unsigned,0.33404882925716256,0.2947368421052632
9 edges,grn_n6_e9_pos100_center_rep2,2,SCSGL,signed_directed,0.27638936680603343,0.26315789473684215
9 edges,grn_n6_e9_pos100_center_rep2,2,SCSGL,undirected,0.6236532140698807,0.5444444444444445
9 edges,grn_n6_e9_pos100_center_rep2,2,TODO4v2,directed_unsigned,0.6938737588974339,0.6
9 edges,grn_n6_e9_pos100_center_rep2,2,TODO4v2,signed_directed,0.6883963544372708,0.6
9 edges,grn_n6_e9_pos100_center_rep2,2,TODO4v2,undirected,0.8908561346061348,0.7555555555555555
all negative,grn_n6_e9_pos0_sign_ratio_rep0,0,GENIE3,directed_unsigned,0.2964025037640486,0.3
all negative,grn_n6_e9_pos0_sign_ratio_rep0,0,GENIE3,signed_directed,0.075,0.0
all negative,grn_n6_e9_pos0_sign_ratio_rep0,0,GENIE3,undirected,0.5299146069979404,0.5666666666666667
all negative,grn_n6_e9_pos0_sign_ratio_rep0,0,GRNBOOST2,directed_unsigned,0.26710539920987614,0.3
all negative,grn_n6_e9_pos0_sign_ratio_rep0,0,GRNBOOST2,signed_directed,0.075,0.0
all negative,grn_n6_e9_pos0_sign_ratio_rep0,0,GRNBOOST2,undirected,0.6496908492741826,0.7222222222222222
all negative,grn_n6_e9_pos0_sign_ratio_rep0,0,PEARSON,directed_unsigned,0.31079665704665704,0.4
all negative,grn_n6_e9_pos0_sign_ratio_rep0,0,PEARSON,signed_directed,0.2947171809671809,0.4
all negative,grn_n6_e9_pos0_sign_ratio_rep0,0,PEARSON,undirected,0.6215933140933141,0.6
all negative,grn_n6_e9_pos0_sign_ratio_rep0,0,PIDC,directed_unsigned,0.3597923681257014,0.41052631578947374
all negative,grn_n6_e9_pos0_sign_ratio_rep0,0,PIDC,signed_directed,0.075,0.0
all negative,grn_n6_e9_pos0_sign_ratio_rep0,0,PIDC,undirected,0.6918069584736252,0.7
all negative,grn_n6_e9_pos0_sign_ratio_rep0,0,PPCOR,directed_unsigned,0.3146226304559637,0.4128654970760234
all negative,grn_n6_e9_pos0_sign_ratio_rep0,0,PPCOR,signed_directed,0.2909383517716851,0.4128654970760234
all negative,grn_n6_e9_pos0_sign_ratio_rep0,0,PPCOR,undirected,0.6284933584933585,0.6333333333333333
all negative,grn_n6_e9_pos0_sign_ratio_rep0,0,SCODE,directed_unsigned,0.3822623980442401,0.37777777777777777
all negative,grn_n6_e9_pos0_sign_ratio_rep0,0,SCODE,signed_directed,0.075,0.0
all negative,grn_n6_e9_pos0_sign_ratio_rep0,0,SCODE,undirected,0.6263249713249713,0.6222222222222222
all negative,grn_n6_e9_pos0_sign_ratio_rep0,0,SCSGL,directed_unsigned,0.323354924396591,0.29473684210526313
all negative,grn_n6_e9_pos0_sign_ratio_rep0,0,SCSGL,signed_directed,0.26748780540447203,0.29473684210526313
all negative,grn_n6_e9_pos0_sign_ratio_rep0,0,SCSGL,undirected,0.6133765154598488,0.5888888888888889
all negative,grn_n6_e9_pos0_sign_ratio_rep0,0,TODO4v2,directed_unsigned,0.38668025685083846,0.4666666666666666
all negative,grn_n6_e9_pos0_sign_ratio_rep0,0,TODO4v2,signed_directed,0.38161285968861375,0.4666666666666666
all negative,grn_n6_e9_pos0_sign_ratio_rep0,0,TODO4v2,undirected,0.6880868668368668,0.6333333333333333
all negative,grn_n6_e9_pos0_sign_ratio_rep1,1,GENIE3,directed_unsigned,0.24044043346024585,0.11111111111111112
all negative,grn_n6_e9_pos0_sign_ratio_rep1,1,GENIE3,signed_directed,0.075,0.0
all negative,grn_n6_e9_pos0_sign_ratio_rep1,1,GENIE3,undirected,0.31886821511821506,0.18571428571428567
all negative,grn_n6_e9_pos0_sign_ratio_rep1,1,GRNBOOST2,directed_unsigned,0.46246038076966184,0.4
all negative,grn_n6_e9_pos0_sign_ratio_rep1,1,GRNBOOST2,signed_directed,0.075,0.0
all negative,grn_n6_e9_pos0_sign_ratio_rep1,1,GRNBOOST2,undirected,0.5854427318713032,0.47142857142857136
all negative,grn_n6_e9_pos0_sign_ratio_rep1,1,PEARSON,directed_unsigned,0.7091986562819896,0.5789473684210525
all negative,grn_n6_e9_pos0_sign_ratio_rep1,1,PEARSON,signed_directed,0.6848632771549438,0.5684210526315789
all negative,grn_n6_e9_pos0_sign_ratio_rep1,1,PEARSON,undirected,0.769136260564832,0.6285714285714286
all negative,grn_n6_e9_pos0_sign_ratio_rep1,1,PIDC,directed_unsigned,0.5066600297850298,0.4526315789473684
all negative,grn_n6_e9_pos0_sign_ratio_rep1,1,PIDC,signed_directed,0.075,0.0
all negative,grn_n6_e9_pos0_sign_ratio_rep1,1,PIDC,undirected,0.5227324064824064,0.4428571428571428
all negative,grn_n6_e9_pos0_sign_ratio_rep1,1,PPCOR,directed_unsigned,0.7637037037037037,0.636078431372549
all negative,grn_n6_e9_pos0_sign_ratio_rep1,1,PPCOR,signed_directed,0.7229629629629629,0.6243137254901961
all negative,grn_n6_e9_pos0_sign_ratio_rep1,1,PPCOR,undirected,0.8128571428571428,0.5672727272727273
all negative,grn_n6_e9_pos0_sign_ratio_rep1,1,SCODE,directed_unsigned,0.29288501899042696,0.2111111111111111
all negative,grn_n6_e9_pos0_sign_ratio_rep1,1,SCODE,signed_directed,0.075,0.0
all negative,grn_n6_e9_pos0_sign_ratio_rep1,1,SCODE,undirected,0.3819304108589822,0.3142857142857142
all negative,grn_n6_e9_pos0_sign_ratio_rep1,1,SCSGL,directed_unsigned,0.40453256619923283,0.44210526315789467
all negative,grn_n6_e9_pos0_sign_ratio_rep1,1,SCSGL,signed_directed,0.34279820488153817,0.42105263157894735
all negative,grn_n6_e9_pos0_sign_ratio_rep1,1,SCSGL,undirected,0.5131588054802341,0.5
all negative,grn_n6_e9_pos0_sign_ratio_rep1,1,TODO4v2,directed_unsigned,0.675476203265005,0.5777777777777777
all negative,grn_n6_e9_pos0_sign_ratio_rep1,1,TODO4v2,signed_directed,0.6580678663490886,0.5666666666666667
all negative,grn_n6_e9_pos0_sign_ratio_rep1,1,TODO4v2,undirected,0.7530123844409558,0.5714285714285714
all negative,grn_n6_e9_pos0_sign_ratio_rep2,2,GENIE3,directed_unsigned,0.2569782479685824,0.31111111111111106
all negative,grn_n6_e9_pos0_sign_ratio_rep2,2,GENIE3,signed_directed,0.075,0.0
all negative,grn_n6_e9_pos0_sign_ratio_rep2,2,GENIE3,undirected,0.48868789196914203,0.5125
all negative,grn_n6_e9_pos0_sign_ratio_rep2,2,GRNBOOST2,directed_unsigned,0.22947626453733738,0.14444444444444443
all negative,grn_n6_e9_pos0_sign_ratio_rep2,2,GRNBOOST2,signed_directed,0.075,0.0
all negative,grn_n6_e9_pos0_sign_ratio_rep2,2,GRNBOOST2,undirected,0.5594644071206571,0.525
all negative,grn_n6_e9_pos0_sign_ratio_rep2,2,PEARSON,directed_unsigned,0.404599004390671,0.42105263157894746
all negative,grn_n6_e9_pos0_sign_ratio_rep2,2,PEARSON,signed_directed,0.34178213761547094,0.3368421052631579
all negative,grn_n6_e9_pos0_sign_ratio_rep2,2,PEARSON,undirected,0.6678229756354758,0.7375
all negative,grn_n6_e9_pos0_sign_ratio_rep2,2,PIDC,directed_unsigned,0.3184142554975888,0.33684210526315794
all negative,grn_n6_e9_pos0_sign_ratio_rep2,2,PIDC,signed_directed,0.075,0.0
all negative,grn_n6_e9_pos0_sign_ratio_rep2,2,PIDC,undirected,0.5291088772338772,0.575
all negative,grn_n6_e9_pos0_sign_ratio_rep2,2,PPCOR,directed_unsigned,0.40108798654141786,0.42105263157894746
all negative,grn_n6_e9_pos0_sign_ratio_rep2,2,PPCOR,signed_directed,0.3276955125484537,0.3157894736842105
all negative,grn_n6_e9_pos0_sign_ratio_rep2,2,PPCOR,undirected,0.6626289682539682,0.7071428571428571
all negative,grn_n6_e9_pos0_sign_ratio_rep2,2,SCODE,directed_unsigned,0.39430180708252294,0.3222222222222222
all negative,grn_n6_e9_pos0_sign_ratio_rep2,2,SCODE,signed_directed,0.075,0.0
all negative,grn_n6_e9_pos0_sign_ratio_rep2,2,SCODE,undirected,0.5914986229048729,0.5125
all negative,grn_n6_e9_pos0_sign_ratio_rep2,2,SCSGL,directed_unsigned,0.3138274534107867,0.24210526315789474
all negative,grn_n6_e9_pos0_sign_ratio_rep2,2,SCSGL,signed_directed,0.24217772196938864,0.13684210526315788
all negative,grn_n6_e9_pos0_sign_ratio_rep2,2,SCSGL,undirected,0.5517913163225663,0.5875
all negative,grn_n6_e9_pos0_sign_ratio_rep2,2,TODO4v2,directed_unsigned,0.40956504724922593,0.36666666666666664
all negative,grn_n6_e9_pos0_sign_ratio_rep2,2,TODO4v2,signed_directed,0.3613733107410454,0.34444444444444444
all negative,grn_n6_e9_pos0_sign_ratio_rep2,2,TODO4v2,undirected,0.7037297598235098,0.725
balanced,grn_n6_e9_pos50_sign_ratio_rep0,0,GENIE3,directed_unsigned,0.39529574104052473,0.4222222222222222
balanced,grn_n6_e9_pos50_sign_ratio_rep0,0,GENIE3,signed_directed,0.17811779270112602,0.11111111111111112
balanced,grn_n6_e9_pos50_sign_ratio_rep0,0,GENIE3,undirected,0.6227481447124303,0.6142857142857142
balanced,grn_n6_e9_pos50_sign_ratio_rep0,0,GRNBOOST2,directed_unsigned,0.3764292875089322,0.34444444444444444
balanced,grn_n6_e9_pos50_sign_ratio_rep0,0,GRNBOOST2,signed_directed,0.1724497600123756,0.11111111111111112
balanced,grn_n6_e9_pos50_sign_ratio_rep0,0,GRNBOOST2,undirected,0.7708892694606979,0.6428571428571429
balanced,grn_n6_e9_pos50_sign_ratio_rep0,0,PEARSON,directed_unsigned,0.3837803554470221,0.3368421052631579
balanced,grn_n6_e9_pos50_sign_ratio_rep0,0,PEARSON,signed_directed,0.34426931864431864,0.3368421052631579
balanced,grn_n6_e9_pos50_sign_ratio_rep0,0,PEARSON,undirected,0.7043115812758669,0.5571428571428572
balanced,grn_n6_e9_pos50_sign_ratio_rep0,0,PIDC,directed_unsigned,0.5005258707342041,0.5368421052631579
balanced,grn_n6_e9_pos50_sign_ratio_rep0,0,PIDC,signed_directed,0.24020081770081764,0.25263157894736843
balanced,grn_n6_e9_pos50_sign_ratio_rep0,0,PIDC,undirected,0.8142102540316826,0.7
balanced,grn_n6_e9_pos50_sign_ratio_rep0,0,PPCOR,directed_unsigned,0.41421957671957665,0.3931888544891641
balanced,grn_n6_e9_pos50_sign_ratio_rep0,0,PPCOR,signed_directed,0.35652447089947087,0.3721362229102167
balanced,grn_n6_e9_pos50_sign_ratio_rep0,0,PPCOR,undirected,0.7524574829931973,0.5616883116883116
balanced,grn_n6_e9_pos50_sign_ratio_rep0,0,SCODE,directed_unsigned,0.3514869764530188,0.31111111111111106
balanced,grn_n6_e9_pos50_sign_ratio_rep0,0,SCODE,signed_directed,0.12298079926279973,0.05555555555555556
balanced,grn_n6_e9_pos50_sign_ratio_rep0,0,SCODE,undirected,0.6646103499674928,0.5857142857142856
balanced,grn_n6_e9_pos50_sign_ratio_rep0,0,SCSGL,directed_unsigned,0.378574481074481,0.3473684210526316
balanced,grn_n6_e9_pos50_sign_ratio_rep0,0,SCSGL,signed_directed,0.34019071977405313,0.3473684210526316
balanced,grn_n6_e9_pos50_sign_ratio_rep0,0,SCSGL,undirected,0.7098219241076384,0.5714285714285714
balanced,grn_n6_e9_pos50_sign_ratio_rep0,0,TODO4v2,directed_unsigned,0.5905489477060331,0.611111111111111
balanced,grn_n6_e9_pos50_sign_ratio_rep0,0,TODO4v2,signed_directed,0.5760269450241117,0.611111111111111
balanced,grn_n6_e9_pos50_sign_ratio_rep0,0,TODO4v2,undirected,0.8803408298051154,0.7857142857142857
balanced,grn_n6_e9_pos50_sign_ratio_rep1,1,GENIE3,directed_unsigned,0.42716124781981984,0.3555555555555555
balanced,grn_n6_e9_pos50_sign_ratio_rep1,1,GENIE3,signed_directed,0.26956176210071414,0.22222222222222224
balanced,grn_n6_e9_pos50_sign_ratio_rep1,1,GENIE3,undirected,0.5896405677655678,0.625
balanced,grn_n6_e9_pos50_sign_ratio_rep1,1,GRNBOOST2,directed_unsigned,0.5203379503158395,0.5444444444444445
balanced,grn_n6_e9_pos50_sign_ratio_rep1,1,GRNBOOST2,signed_directed,0.32733297945147893,0.3888888888888889
balanced,grn_n6_e9_pos50_sign_ratio_rep1,1,GRNBOOST2,undirected,0.7954593496780997,0.7
balanced,grn_n6_e9_pos50_sign_ratio_rep1,1,PEARSON,directed_unsigned,0.5639906775323442,0.6
balanced,grn_n6_e9_pos50_sign_ratio_rep1,1,PEARSON,signed_directed,0.5574769751853086,0.6
balanced,grn_n6_e9_pos50_sign_ratio_rep1,1,PEARSON,undirected,0.9272516545954046,0.825
balanced,grn_n6_e9_pos50_sign_ratio_rep1,1,PIDC,directed_unsigned,0.5326892474809142,0.5263157894736842
balanced,grn_n6_e9_pos50_sign_ratio_rep1,1,PIDC,signed_directed,0.3588095238095238,0.4
balanced,grn_n6_e9_pos50_sign_ratio_rep1,1,PIDC,undirected,0.8118701437451439,0.725
balanced,grn_n6_e9_pos50_sign_ratio_rep1,1,PPCOR,directed_unsigned,0.5345238095238095,0.5499277605779154
balanced,grn_n6_e9_pos50_sign_ratio_rep1,1,PPCOR,signed_directed,0.5020238095238094,0.5499277605779154
balanced,grn_n6_e9_pos50_sign_ratio_rep1,1,PPCOR,undirected,0.8842708333333332,0.6850582750582751
balanced,grn_n6_e9_pos50_sign_ratio_rep1,1,SCODE,directed_unsigned,0.27875896446474674,0.26666666666666666
balanced,grn_n6_e9_pos50_sign_ratio_rep1,1,SCODE,signed_directed,0.14066395403040222,0.1222222222222222
balanced,grn_n6_e9_pos50_sign_ratio_rep1,1,SCODE,undirected,0.5485302718115218,0.5375
balanced,grn_n6_e9_pos50_sign_ratio_rep1,1,SCSGL,directed_unsigned,0.4971896313562981,0.5473684210526315
balanced,grn_n6_e9_pos50_sign_ratio_rep1,1,SCSGL,signed_directed,0.4713600288600288,0.5473684210526315
balanced,grn_n6_e9_pos50_sign_ratio_rep1,1,SCSGL,undirected,0.8525528811466311,0.7375
balanced,grn_n6_e9_pos50_sign_ratio_rep1,1,TODO4v2,directed_unsigned,0.5539721594393258,0.5555555555555556
balanced,grn_n6_e9_pos50_sign_ratio_rep1,1,TODO4v2,signed_directed,0.5346441711119715,0.5444444444444445
balanced,grn_n6_e9_pos50_sign_ratio_rep1,1,TODO4v2,undirected,0.8541332452269952,0.75
balanced,grn_n6_e9_pos50_sign_ratio_rep2,2,GENIE3,directed_unsigned,0.36347543371003677,0.26666666666666666
balanced,grn_n6_e9_pos50_sign_ratio_rep2,2,GENIE3,signed_directed,0.11506156785601082,0.0
balanced,grn_n6_e9_pos50_sign_ratio_rep2,2,GENIE3,undirected,0.6868296807359308,0.5625
balanced,grn_n6_e9_pos50_sign_ratio_rep2,2,GRNBOOST2,directed_unsigned,0.4293821250357571,0.3555555555555555
balanced,grn_n6_e9_pos50_sign_ratio_rep2,2,GRNBOOST2,signed_directed,0.2307656442815485,0.18888888888888888
balanced,grn_n6_e9_pos50_sign_ratio_rep2,2,GRNBOOST2,undirected,0.8468864121989123,0.8125
balanced,grn_n6_e9_pos50_sign_ratio_rep2,2,PEARSON,directed_unsigned,0.4889581329164662,0.47368421052631576
balanced,grn_n6_e9_pos50_sign_ratio_rep2,2,PEARSON,signed_directed,0.4889581329164662,0.47368421052631576
balanced,grn_n6_e9_pos50_sign_ratio_rep2,2,PEARSON,undirected,0.84072352994228,0.8625
balanced,grn_n6_e9_pos50_sign_ratio_rep2,2,PIDC,directed_unsigned,0.41950241887741885,0.43157894736842106
balanced,grn_n6_e9_pos50_sign_ratio_rep2,2,PIDC,signed_directed,0.2327839907006573,0.24210526315789474
balanced,grn_n6_e9_pos50_sign_ratio_rep2,2,PIDC,undirected,0.7597987602675103,0.8125
balanced,grn_n6_e9_pos50_sign_ratio_rep2,2,PPCOR,directed_unsigned,0.4659865520282186,0.4485380116959064
balanced,grn_n6_e9_pos50_sign_ratio_rep2,2,PPCOR,signed_directed,0.45681988536155194,0.4485380116959064
balanced,grn_n6_e9_pos50_sign_ratio_rep2,2,PPCOR,undirected,0.8212003968253969,0.8525
balanced,grn_n6_e9_pos50_sign_ratio_rep2,2,SCODE,directed_unsigned,0.3711404320704091,0.2777777777777778
balanced,grn_n6_e9_pos50_sign_ratio_rep2,2,SCODE,signed_directed,0.1188554234985657,0.01111111111111111
balanced,grn_n6_e9_pos50_sign_ratio_rep2,2,SCODE,undirected,0.6935319541569541,0.5875
balanced,grn_n6_e9_pos50_sign_ratio_rep2,2,SCSGL,directed_unsigned,0.6055011423761424,0.6
balanced,grn_n6_e9_pos50_sign_ratio_rep2,2,SCSGL,signed_directed,0.6055011423761424,0.6
balanced,grn_n6_e9_pos50_sign_ratio_rep2,2,SCSGL,undirected,0.9394058892496393,0.8375
balanced,grn_n6_e9_pos50_sign_ratio_rep2,2,TODO4v2,directed_unsigned,0.70903313605326,0.6
balanced,grn_n6_e9_pos50_sign_ratio_rep2,2,TODO4v2,signed_directed,0.7050572560595336,0.6
balanced,grn_n6_e9_pos50_sign_ratio_rep2,2,TODO4v2,undirected,0.9082988712676213,0.8625
