method,auprc_x,f1_topk,auprc_x_signed,f1_topk_signed
cross-corr-only,2.824977993450722,0.6842607313195549,5.547380497578409,0.6748377053524113
TODO4v2(nogate),2.3058585184894476,0.5681957692987105,4.488193589952939,0.5524741653418125
PPCOR,1.723357732142328,0.4397889201507999,3.1874356753492052,0.43056658636190254
PEARSON,1.6993385451617862,0.48825257246309883,3.287285043083534,0.4726764700448911
PIDC,1.5640241526958436,0.4697929724156307,2.9300863220922193,0.43730157442913903
GRNBOOST2,1.4880223396030734,0.42507065889418827,2.8263928513371783,0.4010024730612966
SCSGL,1.2471766910801176,0.3864680127838023,2.1126383438419674,0.32595185753080486
SCODE,1.1100260501155315,0.3198993110757817,2.0277289679708064,0.2852543720190779
GENIE3,0.9905442537424953,0.2733013589128697,1.796548780505369,0.2385997084685193
