group,TODO4v2,crosscorr,GENIE3,GRNBOOST2,PEARSON,PIDC,PPCOR,SCODE,SCSGL
grn_n10_e10_c5_a0_pos50,2.55258982798631,2.471677421921793,0.7764525489956557,2.2705750785017402,2.236212850688238,2.0434984661827436,2.511537585463824,1.0782301753602683,2.1248438526381253
grn_n10_e10_c5_a5_pos50,2.802933334699951,2.506188466083759,0.7952491808600387,2.943154761719349,3.0085853918717107,2.1219655937544224,2.9827652428863556,1.1409378456845436,2.7489095292509718
grn_n10_e10_c8_a0_pos50,3.8094521447723504,3.7728763155819323,0.7765563944888956,4.226069427651746,3.3786827037856426,3.7188806429208903,3.8122050205154845,1.0557667469938343,3.6008991689854697
grn_n10_e10_c8_a5_pos50,3.12143823813047,2.870300410838189,0.7915571829754937,3.1632440746910033,2.8978431656546317,3.0842826093972064,3.4852983699808275,0.9318543688783684,3.2176727161288254
grn_n10_e20_c5_a0_pos50,1.3404428776269903,1.2869766085671597,0.9991736879976261,1.2936152692202991,1.272000840672069,1.346993237772079,1.3715248657516241,1.044660716202895,1.1629065402210854
grn_n10_e20_c5_a5_pos50,1.6811747416622498,1.513296621496978,0.8088247552417229,1.750543523994018,1.5743242616817132,1.4746841445965873,1.6642640602252037,0.8049873503916471,1.445212850269619
grn_n10_e20_c8_a0_pos50,1.683244535016545,1.6512574754856613,0.9853630357190493,1.5247028931483555,1.6385228364835744,1.6391232956181898,1.6424467191584704,1.08810033642303,1.5356509479110558
grn_n10_e20_c8_a5_pos50,1.33140001082737,1.2730665068833737,1.130567639839443,1.3768784271058985,1.4774709528783974,1.4455376530328636,1.4964846339006377,1.0996112271254292,1.5315676181975217
grn_n6_e12_c3_a0_pos50,1.278697933011001,1.258546929836184,0.7861583475577394,1.3459196627783208,1.2597200885595519,1.1758340464851398,1.2673094048214322,0.9851993041005628,1.0913286951433072
grn_n6_e12_c3_a3_pos50,1.1718829914494167,1.1745833112037505,0.8183644046822811,1.1238432032835872,1.1318429792161677,1.066862468583483,1.1475327098039179,0.8915425029572841,1.0803425807954794
grn_n6_e12_c4_a0_pos50,1.1376537996525915,1.0444991794126761,1.1017785081576252,1.0967464364907917,1.0695106558821836,1.1164946325536602,1.1381843058977454,0.9705604889176461,0.9812833931757542
grn_n6_e12_c4_a3_pos50,1.3839862902789586,1.3642098893367394,0.9671109937868011,1.4147258970879721,1.3754378658892545,1.2864644357699913,1.3832889019265653,1.0139828901352317,1.3546453867634423
grn_n6_e6_c3_a0_pos50,1.552387006623988,1.6910031669365007,1.0733910868416883,1.4387433650023977,1.4161846100822477,1.384420943229998,1.5300345620894584,0.9320531821636042,1.0777056859734022
grn_n6_e6_c3_a3_pos50,1.4959660420438452,1.4477229834715677,1.0975204486777639,1.5803839700626523,1.4793779394473834,1.58315983142372,1.4852494977677724,1.1296722826990444,1.757368146257035
grn_n6_e6_c4_a0_pos50,2.412791913577968,2.3966475978682684,1.3365248728547365,2.117703117338144,1.9378245853940295,1.6486997441858549,2.065972785233406,1.085297158852703,1.5968377044765931
grn_n6_e6_c4_a3_pos50,2.1561741398150294,2.096808664448775,0.8449601874839772,2.2707809893143702,2.11469658171047,1.8893656497823164,2.164520600284489,1.1534277276458513,1.8871236145541697
