group,dataset_id,run_id,todo4v2_auprc_x,best_comp_auprc_x,win
n6_e13_pos100,n6_e13_pos100_rep1,simrep0_twin_paired,1.6319015068695475,1.669887781206697,False
n6_e13_pos100,n6_e13_pos100_rep1,simrep1_twin_paired,1.083742968566894,1.9661876584953508,False
n6_e13_pos100,n6_e13_pos100_rep1,simrep2_twin_paired,1.6763809340844413,1.6877804148514206,False
n6_e13_pos100,n6_e13_pos100_rep1,simrep3_twin_paired,1.1057435864822112,1.6316760162914008,False
n6_e13_pos100,n6_e13_pos100_rep1,simrep4_twin_paired,1.002405080471365,1.7171939298366914,False
n6_e13_pos100,n6_e13_pos100_rep1,simrep5_twin_paired,1.1254821332560803,1.932938856015779,False
n6_e13_pos100,n6_e13_pos100_rep1,simrep6_twin_paired,0.9822181229365884,1.8809334156967292,False
n6_e13_pos100,n6_e13_pos100_rep1,simrep7_twin_paired,1.286768865561593,1.6468801024361412,False
n6_e13_pos100,n6_e13_pos100_rep1,simrep8_twin_paired,0.8013321501210995,1.5937253082223495,False
n6_e13_pos100,n6_e13_pos100_rep1,simrep9_twin_paired,0.9988501379137062,1.852916314454776,False
n6_e13_pos100,n6_e13_pos100_rep2,simrep0_twin_paired,1.2301966656022627,1.2910403206261194,False
n6_e13_pos100,n6_e13_pos100_rep2,simrep1_twin_paired,0.8987736502851571,1.3012111162998736,False
n6_e13_pos100,n6_e13_pos100_rep2,simrep2_twin_paired,1.212850114407798,1.1640630079979193,True
n6_e13_pos100,n6_e13_pos100_rep2,simrep3_twin_paired,0.8788881760366649,1.1033037475345169,False
n6_e13_pos100,n6_e13_pos100_rep2,simrep4_twin_paired,1.3116125983136917,1.46042899408284,False
n6_e13_pos100,n6_e13_pos100_rep2,simrep5_twin_paired,1.022688184825232,1.5455816372976137,False
n6_e13_pos100,n6_e13_pos100_rep2,simrep6_twin_paired,1.250983857511976,1.4505004364471819,False
n6_e13_pos100,n6_e13_pos100_rep2,simrep7_twin_paired,1.026258269093807,1.586614322561068,False
n6_e13_pos100,n6_e13_pos100_rep2,simrep8_twin_paired,1.0739801293129798,1.404802544595444,False
n6_e13_pos100,n6_e13_pos100_rep2,simrep9_twin_paired,0.828648896935381,1.2516621282152718,False
n6_e13_pos100,n6_e13_pos100_rep3,simrep0_twin_paired,1.2197260027948322,1.2916989062660775,False
n6_e13_pos100,n6_e13_pos100_rep3,simrep1_twin_paired,1.4999225377130088,1.2277803557389355,True
n6_e13_pos100,n6_e13_pos100_rep3,simrep2_twin_paired,1.3512964576867934,1.5367384095194745,False
n6_e13_pos100,n6_e13_pos100_rep3,simrep3_twin_paired,0.973139472140925,1.8006358779287772,False
n6_e13_pos100,n6_e13_pos100_rep3,simrep4_twin_paired,1.4812878004183707,1.7098711064210097,False
n6_e13_pos100,n6_e13_pos100_rep3,simrep5_twin_paired,1.2704001028809215,1.675982671174979,False
n6_e13_pos100,n6_e13_pos100_rep3,simrep6_twin_paired,1.1866728827249569,1.675386475749247,False
n6_e13_pos100,n6_e13_pos100_rep3,simrep7_twin_paired,1.691612426111094,1.9993131868131868,False
n6_e13_pos100,n6_e13_pos100_rep3,simrep8_twin_paired,1.2643133826144508,1.4755917159763314,False
n6_e13_pos100,n6_e13_pos100_rep3,simrep9_twin_paired,1.0013129670361922,1.6821801572819088,False
grn_n6_e17_pos100_density,grn_n6_e17_pos100_density_rep0,simrep0_twin_paired,1.2024996354838007,1.3607920338024146,False
grn_n6_e17_pos100_density,grn_n6_e17_pos100_density_rep0,simrep1_twin_paired,1.396266971610716,1.3259569150572612,True
grn_n6_e17_pos100_density,grn_n6_e17_pos100_density_rep0,simrep2_twin_paired,1.1177037660062255,1.233014678516409,False
grn_n6_e17_pos100_density,grn_n6_e17_pos100_density_rep0,simrep3_twin_paired,1.1147458690111285,1.1633306140226558,False
grn_n6_e17_pos100_density,grn_n6_e17_pos100_density_rep0,simrep4_twin_paired,1.1046371109316968,1.4999530458007968,False
grn_n6_e17_pos100_density,grn_n6_e17_pos100_density_rep0,simrep5_twin_paired,1.2793079736082915,1.3452857695937281,False
grn_n6_e17_pos100_density,grn_n6_e17_pos100_density_rep0,simrep6_twin_paired,1.1772597615165272,1.2496201894990824,False
grn_n6_e17_pos100_density,grn_n6_e17_pos100_density_rep0,simrep7_twin_paired,1.0829255612056559,1.4404897857771335,False
grn_n6_e17_pos100_density,grn_n6_e17_pos100_density_rep0,simrep8_twin_paired,0.9157634100714305,1.3800147372811735,False
grn_n6_e17_pos100_density,grn_n6_e17_pos100_density_rep0,simrep9_twin_paired,1.2154742205832625,1.2709483423151244,False
grn_n6_e17_pos100_density,grn_n6_e17_pos100_density_rep1,simrep0_twin_paired,0.9479313615082777,1.1923076923076923,False
grn_n6_e17_pos100_density,grn_n6_e17_pos100_density_rep1,simrep1_twin_paired,0.9555604277794767,1.481096757913367,False
grn_n6_e17_pos100_density,grn_n6_e17_pos100_density_rep1,simrep2_twin_paired,0.970869858656402,1.445773805202871,False
grn_n6_e17_pos100_density,grn_n6_e17_pos100_density_rep1,simrep3_twin_paired,1.0283031800667615,1.5256434741728861,False
grn_n6_e17_pos100_density,grn_n6_e17_pos100_density_rep1,simrep4_twin_paired,1.0115233423123142,1.2821215693188015,False
grn_n6_e17_pos100_density,grn_n6_e17_pos100_density_rep1,simrep5_twin_paired,1.0144222588432097,1.4800804011444153,False
grn_n6_e17_pos100_density,grn_n6_e17_pos100_density_rep1,simrep6_twin_paired,1.1580927876079021,1.338235726211505,False
grn_n6_e17_pos100_density,grn_n6_e17_pos100_density_rep1,simrep7_twin_paired,0.988721254137602,1.4932040278061043,False
grn_n6_e17_pos100_density,grn_n6_e17_pos100_density_rep1,simrep8_twin_paired,1.1141053459408656,1.4543900447879687,False
grn_n6_e17_pos100_density,grn_n6_e17_pos100_density_rep1,simrep9_twin_paired,1.1006282446972422,1.2736234353881415,False
grn_n6_e17_pos100_density,grn_n6_e17_pos100_density_rep2,simrep0_twin_paired,1.0494435458684297,1.4323636282978844,False
grn_n6_e17_pos100_density,grn_n6_e17_pos100_density_rep2,simrep1_twin_paired,1.2938834148831249,1.3775415760709881,False
grn_n6_e17_pos100_density,grn_n6_e17_pos100_density_rep2,simrep2_twin_paired,0.9914993501300278,1.1583299918075,False
grn_n6_e17_pos100_density,grn_n6_e17_pos100_density_rep2,simrep3_twin_paired,0.9929857544035154,1.3135718088140234,False
grn_n6_e17_pos100_density,grn_n6_e17_pos100_density_rep2,simrep4_twin_paired,1.3525797310349972,1.3365765578135824,True
grn_n6_e17_pos100_density,grn_n6_e17_pos100_density_rep2,simrep7_twin_paired,0.9603462949262891,1.2894139233630042,False
grn_n6_e17_pos100_density,grn_n6_e17_pos100_density_rep2,simrep8_twin_paired,1.1199327346792036,1.2937355320573314,False
grn_n6_e17_pos100_density,grn_n6_e17_pos100_density_rep2,simrep9_twin_paired,0.9987881587551777,1.1692539726709277,False
grn_n6_e5_pos100_density,grn_n6_e5_pos100_density_rep0,simrep0_twin_paired,2.419848484848485,2.7633333333333336,False
grn_n6_e5_pos100_density,grn_n6_e5_pos100_density_rep0,simrep1_twin_paired,2.2553246753246756,2.88,False
grn_n6_e5_pos100_density,grn_n6_e5_pos100_density_rep0,simrep2_twin_paired,3.003186813186813,2.63,True
grn_n6_e5_pos100_density,grn_n6_e5_pos100_density_rep0,simrep3_twin_paired,1.3382608695652174,2.63,False
grn_n6_e5_pos100_density,grn_n6_e5_pos100_density_rep0,simrep4_twin_paired,1.8810317460317458,2.3963636363636365,False
grn_n6_e5_pos100_density,grn_n6_e5_pos100_density_rep0,simrep5_twin_paired,4.80952380952381,1.8042857142857143,True
grn_n6_e5_pos100_density,grn_n6_e5_pos100_density_rep0,simrep6_twin_paired,2.2145238095238096,2.4692857142857143,False
grn_n6_e5_pos100_density,grn_n6_e5_pos100_density_rep0,simrep7_twin_paired,1.6680341880341882,2.289090909090909,False
grn_n6_e5_pos100_density,grn_n6_e5_pos100_density_rep0,simrep8_twin_paired,1.9160439560439562,1.883809523809524,True
grn_n6_e5_pos100_density,grn_n6_e5_pos100_density_rep0,simrep9_twin_paired,2.5530512820512814,1.88,True
grn_n6_e5_pos100_density,grn_n6_e5_pos100_density_rep1,simrep0_twin_paired,1.326267942583732,1.4742857142857142,False
grn_n6_e5_pos100_density,grn_n6_e5_pos100_density_rep1,simrep1_twin_paired,1.356798418972332,1.4742857142857142,False
grn_n6_e5_pos100_density,grn_n6_e5_pos100_density_rep1,simrep2_twin_paired,2.745379620379621,1.3766666666666665,True
grn_n6_e5_pos100_density,grn_n6_e5_pos100_density_rep1,simrep3_twin_paired,0.8989667408465363,1.494285714285714,False
grn_n6_e5_pos100_density,grn_n6_e5_pos100_density_rep1,simrep4_twin_paired,1.9295098039215686,2.1433333333333335,False
grn_n6_e5_pos100_density,grn_n6_e5_pos100_density_rep1,simrep5_twin_paired,2.4675,1.4742857142857142,True
grn_n6_e5_pos100_density,grn_n6_e5_pos100_density_rep1,simrep6_twin_paired,1.2973828345567475,1.4742857142857142,False
grn_n6_e5_pos100_density,grn_n6_e5_pos100_density_rep1,simrep7_twin_paired,1.2571880293619426,1.5242857142857142,False
grn_n6_e5_pos100_density,grn_n6_e5_pos100_density_rep1,simrep8_twin_paired,1.944642857142857,1.2940909090909087,True
grn_n6_e5_pos100_density,grn_n6_e5_pos100_density_rep1,simrep9_twin_paired,2.518278388278388,2.374285714285714,True
grn_n6_e5_pos100_density,grn_n6_e5_pos100_density_rep2,simrep0_twin_paired,3.497857142857143,3.1971428571428575,True
grn_n6_e5_pos100_density,grn_n6_e5_pos100_density_rep2,simrep1_twin_paired,4.3028571428571425,3.3000000000000003,True
grn_n6_e5_pos100_density,grn_n6_e5_pos100_density_rep2,simrep2_twin_paired,4.419525691699604,3.1900000000000004,True
grn_n6_e5_pos100_density,grn_n6_e5_pos100_density_rep2,simrep3_twin_paired,2.7546428571428567,3.3550000000000004,False
grn_n6_e5_pos100_density,grn_n6_e5_pos100_density_rep2,simrep4_twin_paired,4.692727272727272,3.3000000000000003,True
grn_n6_e5_pos100_density,grn_n6_e5_pos100_density_rep2,simrep5_twin_paired,1.5019069224786101,3.3000000000000003,False
grn_n6_e5_pos100_density,grn_n6_e5_pos100_density_rep2,simrep6_twin_paired,3.2824358974358976,3.3000000000000003,False
grn_n6_e5_pos100_density,grn_n6_e5_pos100_density_rep2,simrep7_twin_paired,2.7304761904761903,3.3000000000000003,False
grn_n6_e5_pos100_density,grn_n6_e5_pos100_density_rep2,simrep8_twin_paired,3.760649350649351,3.1900000000000004,True
grn_n6_e5_pos100_density,grn_n6_e5_pos100_density_rep2,simrep9_twin_paired,5.126470588235295,3.1900000000000004,True
grn_n6_e9_pos0_sign_ratio,grn_n6_e9_pos0_sign_ratio_rep0,simrep0_twin_paired,0.9768593668676306,1.1324846675236537,False
grn_n6_e9_pos0_sign_ratio,grn_n6_e9_pos0_sign_ratio_rep0,simrep1_twin_paired,0.98399807595904,1.9033209588765148,False
grn_n6_e9_pos0_sign_ratio,grn_n6_e9_pos0_sign_ratio_rep0,simrep2_twin_paired,1.1217562376584582,1.4396000241588478,False
grn_n6_e9_pos0_sign_ratio,grn_n6_e9_pos0_sign_ratio_rep0,simrep3_twin_paired,1.1138156480071049,1.2557918047291525,False
grn_n6_e9_pos0_sign_ratio,grn_n6_e9_pos0_sign_ratio_rep0,simrep4_twin_paired,1.0239336914055108,1.9101165340295778,False
grn_n6_e9_pos0_sign_ratio,grn_n6_e9_pos0_sign_ratio_rep0,simrep5_twin_paired,1.0538721319442068,1.3920621142954421,False
grn_n6_e9_pos0_sign_ratio,grn_n6_e9_pos0_sign_ratio_rep0,simrep6_twin_paired,1.1051368187142405,1.595549049715716,False
grn_n6_e9_pos0_sign_ratio,grn_n6_e9_pos0_sign_ratio_rep0,simrep7_twin_paired,1.104475774435729,1.3622226338981993,False
grn_n6_e9_pos0_sign_ratio,grn_n6_e9_pos0_sign_ratio_rep0,simrep8_twin_paired,1.112071465745506,1.8470650837800595,False
grn_n6_e9_pos0_sign_ratio,grn_n6_e9_pos0_sign_ratio_rep0,simrep9_twin_paired,0.9435332965045233,1.4025498536916183,False
grn_n6_e9_pos0_sign_ratio,grn_n6_e9_pos0_sign_ratio_rep1,simrep0_twin_paired,2.373596205613749,2.6407018907018904,False
grn_n6_e9_pos0_sign_ratio,grn_n6_e9_pos0_sign_ratio_rep1,simrep1_twin_paired,1.8100467055145417,2.53256697006697,False
grn_n6_e9_pos0_sign_ratio,grn_n6_e9_pos0_sign_ratio_rep1,simrep2_twin_paired,2.1342316785680633,2.7050264550264553,False
grn_n6_e9_pos0_sign_ratio,grn_n6_e9_pos0_sign_ratio_rep1,simrep3_twin_paired,2.0778244348757857,2.4778955612288946,False
grn_n6_e9_pos0_sign_ratio,grn_n6_e9_pos0_sign_ratio_rep1,simrep4_twin_paired,2.5104199641236686,2.616208380097269,False
grn_n6_e9_pos0_sign_ratio,grn_n6_e9_pos0_sign_ratio_rep1,simrep5_twin_paired,2.5824319529207282,2.4098183195405416,True
grn_n6_e9_pos0_sign_ratio,grn_n6_e9_pos0_sign_ratio_rep1,simrep6_twin_paired,2.325319284802043,2.581992081992082,False
grn_n6_e9_pos0_sign_ratio,grn_n6_e9_pos0_sign_ratio_rep1,simrep7_twin_paired,2.3667480667480674,2.4751164473386695,False
grn_n6_e9_pos0_sign_ratio,grn_n6_e9_pos0_sign_ratio_rep1,simrep8_twin_paired,2.525295863258827,2.8783068783068786,False
grn_n6_e9_pos0_sign_ratio,grn_n6_e9_pos0_sign_ratio_rep1,simrep9_twin_paired,2.427454061713321,2.5733618233618234,False
grn_n6_e9_pos0_sign_ratio,grn_n6_e9_pos0_sign_ratio_rep2,simrep0_twin_paired,1.354929988916917,1.6310016160257703,False
grn_n6_e9_pos0_sign_ratio,grn_n6_e9_pos0_sign_ratio_rep2,simrep1_twin_paired,1.336441028107695,1.911286911799605,False
grn_n6_e9_pos0_sign_ratio,grn_n6_e9_pos0_sign_ratio_rep2,simrep2_twin_paired,1.418085696680468,1.3927836566725453,True
grn_n6_e9_pos0_sign_ratio,grn_n6_e9_pos0_sign_ratio_rep2,simrep3_twin_paired,1.1115216767703024,1.3769774464218907,False
grn_n6_e9_pos0_sign_ratio,grn_n6_e9_pos0_sign_ratio_rep2,simrep4_twin_paired,1.4541114472945191,1.3597449361338247,True
grn_n6_e9_pos0_sign_ratio,grn_n6_e9_pos0_sign_ratio_rep2,simrep5_twin_paired,1.4008905748036182,1.424493319473826,False
grn_n6_e9_pos0_sign_ratio,grn_n6_e9_pos0_sign_ratio_rep2,simrep6_twin_paired,1.5216505216935214,1.4032120143231253,True
grn_n6_e9_pos0_sign_ratio,grn_n6_e9_pos0_sign_ratio_rep2,simrep7_twin_paired,1.3685911878894335,1.3641873647912293,True
grn_n6_e9_pos0_sign_ratio,grn_n6_e9_pos0_sign_ratio_rep2,simrep8_twin_paired,1.3281447094207897,1.4190182245737801,False
grn_n6_e9_pos0_sign_ratio,grn_n6_e9_pos0_sign_ratio_rep2,simrep9_twin_paired,1.4060416909000786,1.8206720541028536,False
grn_n6_e9_pos100_center,grn_n6_e9_pos100_center_rep0,simrep0_twin_paired,1.2259556208113795,2.4068362193362196,False
grn_n6_e9_pos100_center,grn_n6_e9_pos100_center_rep0,simrep1_twin_paired,1.8040792685042195,2.4953703703703707,False
grn_n6_e9_pos100_center,grn_n6_e9_pos100_center_rep0,simrep2_twin_paired,1.9718390316767602,2.3737674362674364,False
grn_n6_e9_pos100_center,grn_n6_e9_pos100_center_rep0,simrep3_twin_paired,1.6326021893654745,2.2839506172839505,False
grn_n6_e9_pos100_center,grn_n6_e9_pos100_center_rep0,simrep4_twin_paired,1.589176582168573,2.526878985212319,False
grn_n6_e9_pos100_center,grn_n6_e9_pos100_center_rep0,simrep5_twin_paired,1.4032102010339198,2.3271604938271606,False
grn_n6_e9_pos100_center,grn_n6_e9_pos100_center_rep0,simrep6_twin_paired,1.2796412240377761,1.511757789535567,False
grn_n6_e9_pos100_center,grn_n6_e9_pos100_center_rep0,simrep7_twin_paired,1.1602568672542457,2.4186507936507935,False
grn_n6_e9_pos100_center,grn_n6_e9_pos100_center_rep0,simrep8_twin_paired,1.3274301928637042,2.2026748971193415,False
grn_n6_e9_pos100_center,grn_n6_e9_pos100_center_rep0,simrep9_twin_paired,1.2115435936495178,2.0599405738294627,False
grn_n6_e9_pos100_center,grn_n6_e9_pos100_center_rep1,simrep0_twin_paired,1.4126276380361347,1.8321107904441236,False
grn_n6_e9_pos100_center,grn_n6_e9_pos100_center_rep1,simrep1_twin_paired,1.6566290785427134,2.02674049201827,False
grn_n6_e9_pos100_center,grn_n6_e9_pos100_center_rep1,simrep2_twin_paired,1.2638429008254715,2.3710952113729893,False
grn_n6_e9_pos100_center,grn_n6_e9_pos100_center_rep1,simrep3_twin_paired,1.8178897627427038,2.5130705200149643,False
grn_n6_e9_pos100_center,grn_n6_e9_pos100_center_rep1,simrep4_twin_paired,2.149909003710173,2.592445620223398,False
grn_n6_e9_pos100_center,grn_n6_e9_pos100_center_rep1,simrep5_twin_paired,1.553276555079575,2.1136980303646973,False
grn_n6_e9_pos100_center,grn_n6_e9_pos100_center_rep1,simrep6_twin_paired,1.611947829344523,1.9420795254128587,False
grn_n6_e9_pos100_center,grn_n6_e9_pos100_center_rep1,simrep7_twin_paired,1.4535883913903236,2.2067901234567904,False
grn_n6_e9_pos100_center,grn_n6_e9_pos100_center_rep1,simrep8_twin_paired,2.1158518450615116,2.0374579124579126,True
grn_n6_e9_pos100_center,grn_n6_e9_pos100_center_rep1,simrep9_twin_paired,1.3620789913685132,2.0342813051146384,False
grn_n6_e9_pos100_center,grn_n6_e9_pos100_center_rep2,simrep0_twin_paired,1.3663126987698362,1.682539682539683,False
grn_n6_e9_pos100_center,grn_n6_e9_pos100_center_rep2,simrep1_twin_paired,1.5321863526168238,1.7714579659024103,False
grn_n6_e9_pos100_center,grn_n6_e9_pos100_center_rep2,simrep2_twin_paired,2.0534627318941046,1.7239057239057243,True
grn_n6_e9_pos100_center,grn_n6_e9_pos100_center_rep2,simrep3_twin_paired,1.6804716253245664,1.699905033238367,False
grn_n6_e9_pos100_center,grn_n6_e9_pos100_center_rep2,simrep4_twin_paired,1.8556995282213145,1.5684983740539293,True
grn_n6_e9_pos100_center,grn_n6_e9_pos100_center_rep2,simrep5_twin_paired,1.980132209087584,1.684811073699963,True
grn_n6_e9_pos100_center,grn_n6_e9_pos100_center_rep2,simrep6_twin_paired,1.9156918184695964,1.5595731429064763,True
grn_n6_e9_pos100_center,grn_n6_e9_pos100_center_rep2,simrep7_twin_paired,1.064093574986228,1.591483619261397,False
grn_n6_e9_pos100_center,grn_n6_e9_pos100_center_rep2,simrep8_twin_paired,2.1565994437926634,1.7239057239057243,True
grn_n6_e9_pos100_center,grn_n6_e9_pos100_center_rep2,simrep9_twin_paired,1.3899624614727588,1.7108585858585865,False
grn_n6_e9_pos50_sign_ratio,grn_n6_e9_pos50_sign_ratio_rep0,simrep0_twin_paired,1.8673511673511671,1.496325690770135,True
grn_n6_e9_pos50_sign_ratio,grn_n6_e9_pos50_sign_ratio_rep0,simrep1_twin_paired,1.451158842932448,1.7052469135802473,False
grn_n6_e9_pos50_sign_ratio,grn_n6_e9_pos50_sign_ratio_rep0,simrep2_twin_paired,1.050418548478729,1.372218830552164,False
grn_n6_e9_pos50_sign_ratio,grn_n6_e9_pos50_sign_ratio_rep0,simrep3_twin_paired,1.561597161231664,1.542735042735043,True
grn_n6_e9_pos50_sign_ratio,grn_n6_e9_pos50_sign_ratio_rep0,simrep4_twin_paired,1.2266556565198654,1.6576879910213245,False
grn_n6_e9_pos50_sign_ratio,grn_n6_e9_pos50_sign_ratio_rep0,simrep5_twin_paired,1.8015085102503403,1.7280743947410615,True
grn_n6_e9_pos50_sign_ratio,grn_n6_e9_pos50_sign_ratio_rep0,simrep6_twin_paired,1.5934816028592669,1.818452380952381,False
grn_n6_e9_pos50_sign_ratio,grn_n6_e9_pos50_sign_ratio_rep0,simrep7_twin_paired,1.489201549079505,1.6735008818342156,False
grn_n6_e9_pos50_sign_ratio,grn_n6_e9_pos50_sign_ratio_rep0,simrep8_twin_paired,1.4816698191114892,1.528668091168091,False
grn_n6_e9_pos50_sign_ratio,grn_n6_e9_pos50_sign_ratio_rep0,simrep9_twin_paired,1.216556220713864,1.6600529100529102,False
grn_n6_e9_pos50_sign_ratio,grn_n6_e9_pos50_sign_ratio_rep1,simrep0_twin_paired,1.9479018973844684,2.0954415954415957,False
grn_n6_e9_pos50_sign_ratio,grn_n6_e9_pos50_sign_ratio_rep1,simrep1_twin_paired,1.5833199315563524,1.861431778098445,False
grn_n6_e9_pos50_sign_ratio,grn_n6_e9_pos50_sign_ratio_rep1,simrep2_twin_paired,1.928873353709955,1.8984587942921276,True
grn_n6_e9_pos50_sign_ratio,grn_n6_e9_pos50_sign_ratio_rep1,simrep3_twin_paired,1.4797936956892352,1.8971193415637864,False
grn_n6_e9_pos50_sign_ratio,grn_n6_e9_pos50_sign_ratio_rep1,simrep4_twin_paired,1.740574876541626,1.8813131313131315,False
grn_n6_e9_pos50_sign_ratio,grn_n6_e9_pos50_sign_ratio_rep1,simrep5_twin_paired,1.2950408676887544,1.8043697557586447,False
grn_n6_e9_pos50_sign_ratio,grn_n6_e9_pos50_sign_ratio_rep1,simrep6_twin_paired,1.6190717534494177,1.966249799583133,False
grn_n6_e9_pos50_sign_ratio,grn_n6_e9_pos50_sign_ratio_rep1,simrep7_twin_paired,1.4856763979823064,1.9123068289734957,False
grn_n6_e9_pos50_sign_ratio,grn_n6_e9_pos50_sign_ratio_rep1,simrep8_twin_paired,1.164239653673205,1.9899606566273236,False
grn_n6_e9_pos50_sign_ratio,grn_n6_e9_pos50_sign_ratio_rep1,simrep9_twin_paired,2.0616619261255273,2.0761465900354787,False
grn_n6_e9_pos50_sign_ratio,grn_n6_e9_pos50_sign_ratio_rep2,simrep0_twin_paired,2.4876328404106185,1.9092078189300414,True
grn_n6_e9_pos50_sign_ratio,grn_n6_e9_pos50_sign_ratio_rep2,simrep1_twin_paired,1.2792443491173076,1.8813131313131315,False
grn_n6_e9_pos50_sign_ratio,grn_n6_e9_pos50_sign_ratio_rep2,simrep2_twin_paired,1.4402244540497782,2.217732884399551,False
grn_n6_e9_pos50_sign_ratio,grn_n6_e9_pos50_sign_ratio_rep2,simrep3_twin_paired,1.7013633026059924,2.058641975308642,False
grn_n6_e9_pos50_sign_ratio,grn_n6_e9_pos50_sign_ratio_rep2,simrep4_twin_paired,1.9997839095061318,1.818217790440013,True
grn_n6_e9_pos50_sign_ratio,grn_n6_e9_pos50_sign_ratio_rep2,simrep5_twin_paired,1.9322414494828288,1.9883791619902733,False
grn_n6_e9_pos50_sign_ratio,grn_n6_e9_pos50_sign_ratio_rep2,simrep6_twin_paired,2.083069798756074,2.382716049382716,False
grn_n6_e9_pos50_sign_ratio,grn_n6_e9_pos50_sign_ratio_rep2,simrep7_twin_paired,1.6210152086709422,2.058641975308642,False
grn_n6_e9_pos50_sign_ratio,grn_n6_e9_pos50_sign_ratio_rep2,simrep8_twin_paired,1.8035357132579355,1.8118686868686873,False
grn_n6_e9_pos50_sign_ratio,grn_n6_e9_pos50_sign_ratio_rep2,simrep9_twin_paired,1.8680200971867638,1.6779835390946505,True
grn_n10_e10_c5_a0_pos50,grn_n10_e10_c5_a0_pos50_rep0,simrep0_twin_paired,3.4135564605956703,3.3775388379035824,True
grn_n10_e10_c5_a0_pos50,grn_n10_e10_c5_a0_pos50_rep0,simrep1_twin_paired,3.1763502993493242,3.7480505628701835,False
grn_n10_e10_c5_a0_pos50,grn_n10_e10_c5_a0_pos50_rep0,simrep2_twin_paired,3.135021779696486,3.1107117473207526,True
grn_n10_e10_c5_a0_pos50,grn_n10_e10_c5_a0_pos50_rep1,simrep0_twin_paired,1.6943341777858338,1.8366703252887466,False
grn_n10_e10_c5_a0_pos50,grn_n10_e10_c5_a0_pos50_rep1,simrep1_twin_paired,1.8168586689777488,1.951897183020255,False
grn_n10_e10_c5_a0_pos50,grn_n10_e10_c5_a0_pos50_rep1,simrep2_twin_paired,1.3447274803357154,1.9080403428093642,False
grn_n10_e10_c5_a0_pos50,grn_n10_e10_c5_a0_pos50_rep2,simrep0_twin_paired,3.221930260686437,2.878122117686946,True
grn_n10_e10_c5_a0_pos50,grn_n10_e10_c5_a0_pos50_rep2,simrep1_twin_paired,3.185706841550779,2.693139962658825,True
grn_n10_e10_c5_a0_pos50,grn_n10_e10_c5_a0_pos50_rep2,simrep2_twin_paired,1.9848224828987917,2.8682323520133117,False
grn_n10_e10_c5_a5_pos50,grn_n10_e10_c5_a5_pos50_rep0,simrep0_twin_paired,3.692362621268355,3.522819906386717,True
grn_n10_e10_c5_a5_pos50,grn_n10_e10_c5_a5_pos50_rep0,simrep1_twin_paired,3.746585957151151,4.911162458451931,False
grn_n10_e10_c5_a5_pos50,grn_n10_e10_c5_a5_pos50_rep0,simrep2_twin_paired,4.022009525492498,4.713605438678968,False
grn_n10_e10_c5_a5_pos50,grn_n10_e10_c5_a5_pos50_rep1,simrep0_twin_paired,2.4988708160931146,4.240760045713128,False
grn_n10_e10_c5_a5_pos50,grn_n10_e10_c5_a5_pos50_rep1,simrep1_twin_paired,1.6380130893283618,2.671020526351274,False
grn_n10_e10_c5_a5_pos50,grn_n10_e10_c5_a5_pos50_rep1,simrep2_twin_paired,2.0844523482782664,2.4346626422533975,False
grn_n10_e10_c5_a5_pos50,grn_n10_e10_c5_a5_pos50_rep2,simrep0_twin_paired,1.2577860488177979,2.738905155299892,False
grn_n10_e10_c5_a5_pos50,grn_n10_e10_c5_a5_pos50_rep2,simrep1_twin_paired,3.527047249539248,3.251686194240542,True
grn_n10_e10_c5_a5_pos50,grn_n10_e10_c5_a5_pos50_rep2,simrep2_twin_paired,2.7592723563307637,3.584202565726956,False
grn_n10_e10_c8_a0_pos50,grn_n10_e10_c8_a0_pos50_rep0,simrep0_twin_paired,2.7055579859846115,3.782092276793415,False
grn_n10_e10_c8_a0_pos50,grn_n10_e10_c8_a0_pos50_rep0,simrep1_twin_paired,3.059347525058657,3.634699938629851,False
grn_n10_e10_c8_a0_pos50,grn_n10_e10_c8_a0_pos50_rep0,simrep2_twin_paired,3.0086628831269584,3.8651340253202813,False
grn_n10_e10_c8_a0_pos50,grn_n10_e10_c8_a0_pos50_rep1,simrep0_twin_paired,3.2604397091681565,3.810102642133408,False
grn_n10_e10_c8_a0_pos50,grn_n10_e10_c8_a0_pos50_rep1,simrep1_twin_paired,3.922867927821865,3.943204773168008,False
grn_n10_e10_c8_a0_pos50,grn_n10_e10_c8_a0_pos50_rep1,simrep2_twin_paired,2.7603149058328134,3.8097246503496502,False
grn_n10_e10_c8_a0_pos50,grn_n10_e10_c8_a0_pos50_rep2,simrep0_twin_paired,5.053665325902168,5.194292178409825,False
grn_n10_e10_c8_a0_pos50,grn_n10_e10_c8_a0_pos50_rep2,simrep1_twin_paired,4.514729957349153,5.625406431803491,False
grn_n10_e10_c8_a0_pos50,grn_n10_e10_c8_a0_pos50_rep2,simrep2_twin_paired,5.9994830827067664,5.248148101898103,True
grn_n10_e10_c8_a5_pos50,grn_n10_e10_c8_a5_pos50_rep0,simrep0_twin_paired,3.756210819409349,4.0492292563109125,False
grn_n10_e10_c8_a5_pos50,grn_n10_e10_c8_a5_pos50_rep0,simrep1_twin_paired,2.6703889319782865,4.4172832892384575,False
grn_n10_e10_c8_a5_pos50,grn_n10_e10_c8_a5_pos50_rep0,simrep2_twin_paired,3.5990891040295865,3.8584426376283374,False
grn_n10_e10_c8_a5_pos50,grn_n10_e10_c8_a5_pos50_rep1,simrep0_twin_paired,3.473132869581399,3.6413813276506777,False
grn_n10_e10_c8_a5_pos50,grn_n10_e10_c8_a5_pos50_rep1,simrep1_twin_paired,2.9536269181585677,3.559720909461788,False
grn_n10_e10_c8_a5_pos50,grn_n10_e10_c8_a5_pos50_rep1,simrep2_twin_paired,3.8342250181249438,4.050732142857143,False
grn_n10_e10_c8_a5_pos50,grn_n10_e10_c8_a5_pos50_rep2,simrep0_twin_paired,3.1858833243887186,3.6171993224167136,False
grn_n10_e10_c8_a5_pos50,grn_n10_e10_c8_a5_pos50_rep2,simrep1_twin_paired,2.65966577096476,3.9344705294705293,False
grn_n10_e10_c8_a5_pos50,grn_n10_e10_c8_a5_pos50_rep2,simrep2_twin_paired,1.9607213865386197,3.390183729314164,False
grn_n10_e20_c5_a0_pos50,grn_n10_e20_c5_a0_pos50_rep0,simrep0_twin_paired,1.6232578600065255,1.8709809096744119,False
grn_n10_e20_c5_a0_pos50,grn_n10_e20_c5_a0_pos50_rep0,simrep1_twin_paired,1.296515333658862,1.6676197052102317,False
grn_n10_e20_c5_a0_pos50,grn_n10_e20_c5_a0_pos50_rep0,simrep2_twin_paired,1.4596133359552395,1.8262949348932436,False
grn_n10_e20_c5_a0_pos50,grn_n10_e20_c5_a0_pos50_rep1,simrep0_twin_paired,1.5366586257430137,1.4397933298133407,True
grn_n10_e20_c5_a0_pos50,grn_n10_e20_c5_a0_pos50_rep1,simrep1_twin_paired,1.7215045835656286,1.5126746829452322,True
grn_n10_e20_c5_a0_pos50,grn_n10_e20_c5_a0_pos50_rep1,simrep2_twin_paired,1.477340287661834,1.453781645423282,True
grn_n10_e20_c5_a0_pos50,grn_n10_e20_c5_a0_pos50_rep2,simrep0_twin_paired,0.9994775502985923,1.2276048658933918,False
grn_n10_e20_c5_a0_pos50,grn_n10_e20_c5_a0_pos50_rep2,simrep1_twin_paired,0.9802848652964544,1.2189381421369287,False
grn_n10_e20_c5_a0_pos50,grn_n10_e20_c5_a0_pos50_rep2,simrep2_twin_paired,0.9693334564567645,1.1628276641107196,False
grn_n10_e20_c5_a5_pos50,grn_n10_e20_c5_a5_pos50_rep0,simrep0_twin_paired,1.5673538774279223,1.787856758491547,False
grn_n10_e20_c5_a5_pos50,grn_n10_e20_c5_a5_pos50_rep0,simrep1_twin_paired,1.6605213246422295,1.7997081969521407,False
grn_n10_e20_c5_a5_pos50,grn_n10_e20_c5_a5_pos50_rep0,simrep2_twin_paired,1.8936367961935798,1.9003365414282736,False
grn_n10_e20_c5_a5_pos50,grn_n10_e20_c5_a5_pos50_rep1,simrep0_twin_paired,1.2068802782610086,1.4469202527795337,False
grn_n10_e20_c5_a5_pos50,grn_n10_e20_c5_a5_pos50_rep1,simrep1_twin_paired,1.1945443976993435,1.8558245815304626,False
grn_n10_e20_c5_a5_pos50,grn_n10_e20_c5_a5_pos50_rep1,simrep2_twin_paired,1.2681833481793499,1.29259430622449,False
grn_n10_e20_c5_a5_pos50,grn_n10_e20_c5_a5_pos50_rep2,simrep0_twin_paired,2.150874121713772,1.9190602289718668,True
grn_n10_e20_c5_a5_pos50,grn_n10_e20_c5_a5_pos50_rep2,simrep1_twin_paired,2.065167278413028,2.406671090834921,False
grn_n10_e20_c5_a5_pos50,grn_n10_e20_c5_a5_pos50_rep2,simrep2_twin_paired,2.1234112524300146,2.0276261533388142,True
grn_n10_e20_c8_a0_pos50,grn_n10_e20_c8_a0_pos50_rep0,simrep0_twin_paired,1.4611151422764272,1.537262893651802,False
grn_n10_e20_c8_a0_pos50,grn_n10_e20_c8_a0_pos50_rep0,simrep1_twin_paired,1.4663832876627632,1.5815149690744774,False
grn_n10_e20_c8_a0_pos50,grn_n10_e20_c8_a0_pos50_rep0,simrep2_twin_paired,1.4524652396228588,1.5276848689180298,False
grn_n10_e20_c8_a0_pos50,grn_n10_e20_c8_a0_pos50_rep1,simrep0_twin_paired,1.8294332344235904,1.9181017472081199,False
grn_n10_e20_c8_a0_pos50,grn_n10_e20_c8_a0_pos50_rep1,simrep1_twin_paired,1.848797245882211,1.9096938657542373,False
grn_n10_e20_c8_a0_pos50,grn_n10_e20_c8_a0_pos50_rep1,simrep2_twin_paired,2.041413692077897,1.9073877980044276,True
grn_n10_e20_c8_a0_pos50,grn_n10_e20_c8_a0_pos50_rep2,simrep0_twin_paired,1.691482331265951,1.8503960745132253,False
grn_n10_e20_c8_a0_pos50,grn_n10_e20_c8_a0_pos50_rep2,simrep1_twin_paired,1.485977216657127,1.7227723249717801,False
grn_n10_e20_c8_a0_pos50,grn_n10_e20_c8_a0_pos50_rep2,simrep2_twin_paired,1.8611741298156677,1.6843252567032356,True
grn_n10_e20_c8_a5_pos50,grn_n10_e20_c8_a5_pos50_rep0,simrep0_twin_paired,1.1603067394204885,1.5362498990984401,False
grn_n10_e20_c8_a5_pos50,grn_n10_e20_c8_a5_pos50_rep0,simrep1_twin_paired,1.180762102918531,1.3124988650146092,False
grn_n10_e20_c8_a5_pos50,grn_n10_e20_c8_a5_pos50_rep0,simrep2_twin_paired,1.583476922028684,1.6203109206357798,False
grn_n10_e20_c8_a5_pos50,grn_n10_e20_c8_a5_pos50_rep1,simrep0_twin_paired,1.5770010158757013,1.856168155100613,False
grn_n10_e20_c8_a5_pos50,grn_n10_e20_c8_a5_pos50_rep1,simrep1_twin_paired,0.9089505632512799,1.4217110460862312,False
grn_n10_e20_c8_a5_pos50,grn_n10_e20_c8_a5_pos50_rep1,simrep2_twin_paired,1.679001925285023,1.809586801976832,False
grn_n10_e20_c8_a5_pos50,grn_n10_e20_c8_a5_pos50_rep2,simrep0_twin_paired,1.3363025584223551,1.775328957068636,False
grn_n10_e20_c8_a5_pos50,grn_n10_e20_c8_a5_pos50_rep2,simrep1_twin_paired,1.1751872639863017,1.7361134827609221,False
grn_n10_e20_c8_a5_pos50,grn_n10_e20_c8_a5_pos50_rep2,simrep2_twin_paired,1.4557613711962132,1.9180201678045694,False
grn_n6_e12_c3_a0_pos50,grn_n6_e12_c3_a0_pos50_rep0,simrep0_twin_paired,1.1258748646398606,1.1517056438931437,False
grn_n6_e12_c3_a0_pos50,grn_n6_e12_c3_a0_pos50_rep0,simrep1_twin_paired,1.1398926887210776,1.588174394069658,False
grn_n6_e12_c3_a0_pos50,grn_n6_e12_c3_a0_pos50_rep0,simrep2_twin_paired,1.0094190223216992,1.414229719748818,False
grn_n6_e12_c3_a0_pos50,grn_n6_e12_c3_a0_pos50_rep1,simrep0_twin_paired,0.9227484437022591,1.0470397657897657,False
grn_n6_e12_c3_a0_pos50,grn_n6_e12_c3_a0_pos50_rep1,simrep1_twin_paired,0.8783310338164055,1.22458707117798,False
grn_n6_e12_c3_a0_pos50,grn_n6_e12_c3_a0_pos50_rep1,simrep2_twin_paired,1.0911990091258454,1.2256872178747176,False
grn_n6_e12_c3_a0_pos50,grn_n6_e12_c3_a0_pos50_rep2,simrep0_twin_paired,1.8023146774706438,1.8265011311644441,False
grn_n6_e12_c3_a0_pos50,grn_n6_e12_c3_a0_pos50_rep2,simrep1_twin_paired,1.8973425096494319,1.9442283133306417,False
grn_n6_e12_c3_a0_pos50,grn_n6_e12_c3_a0_pos50_rep2,simrep2_twin_paired,1.634009738737597,1.9737262910879398,False
grn_n6_e12_c3_a3_pos50,grn_n6_e12_c3_a3_pos50_rep0,simrep0_twin_paired,1.5661662004304322,1.5059682033366246,True
grn_n6_e12_c3_a3_pos50,grn_n6_e12_c3_a3_pos50_rep0,simrep1_twin_paired,1.269951018071319,1.2284579272589995,True
grn_n6_e12_c3_a3_pos50,grn_n6_e12_c3_a3_pos50_rep0,simrep2_twin_paired,1.0300506053412481,1.2923752834467122,False
grn_n6_e12_c3_a3_pos50,grn_n6_e12_c3_a3_pos50_rep1,simrep0_twin_paired,1.1721770205762412,1.357622926029512,False
grn_n6_e12_c3_a3_pos50,grn_n6_e12_c3_a3_pos50_rep1,simrep1_twin_paired,1.0576150415893493,1.170865094747363,False
grn_n6_e12_c3_a3_pos50,grn_n6_e12_c3_a3_pos50_rep1,simrep2_twin_paired,1.256301161933896,1.3982114817201214,False
grn_n6_e12_c3_a3_pos50,grn_n6_e12_c3_a3_pos50_rep2,simrep0_twin_paired,1.3507950012428276,1.175960757992008,True
grn_n6_e12_c3_a3_pos50,grn_n6_e12_c3_a3_pos50_rep2,simrep1_twin_paired,0.9556901498732804,1.1982531357531356,False
grn_n6_e12_c3_a3_pos50,grn_n6_e12_c3_a3_pos50_rep2,simrep2_twin_paired,0.932015580172998,1.0960361975986974,False
grn_n6_e12_c4_a0_pos50,grn_n6_e12_c4_a0_pos50_rep0,simrep0_twin_paired,1.3889264735011437,1.4822527429944305,False
grn_n6_e12_c4_a0_pos50,grn_n6_e12_c4_a0_pos50_rep0,simrep1_twin_paired,1.1419807101815191,1.8417340753697853,False
grn_n6_e12_c4_a0_pos50,grn_n6_e12_c4_a0_pos50_rep0,simrep2_twin_paired,1.3817404157490303,1.6362677361238744,False
grn_n6_e12_c4_a0_pos50,grn_n6_e12_c4_a0_pos50_rep1,simrep0_twin_paired,1.3617104304157364,1.280826812076812,True
grn_n6_e12_c4_a0_pos50,grn_n6_e12_c4_a0_pos50_rep1,simrep1_twin_paired,1.12728071128166,1.3658260142635141,False
grn_n6_e12_c4_a0_pos50,grn_n6_e12_c4_a0_pos50_rep1,simrep2_twin_paired,1.2664874784613627,1.433448495948496,False
grn_n6_e12_c4_a0_pos50,grn_n6_e12_c4_a0_pos50_rep2,simrep0_twin_paired,0.8407836658813964,0.9161479109473244,False
grn_n6_e12_c4_a0_pos50,grn_n6_e12_c4_a0_pos50_rep2,simrep1_twin_paired,0.8929714326653266,0.8928820022570024,True
grn_n6_e12_c4_a0_pos50,grn_n6_e12_c4_a0_pos50_rep2,simrep2_twin_paired,0.8370028787361481,0.8931967916342917,False
grn_n6_e12_c4_a3_pos50,grn_n6_e12_c4_a3_pos50_rep0,simrep0_twin_paired,0.8327435513951895,1.2029416380709312,False
grn_n6_e12_c4_a3_pos50,grn_n6_e12_c4_a3_pos50_rep0,simrep1_twin_paired,1.1346631986128703,1.4329409184261157,False
grn_n6_e12_c4_a3_pos50,grn_n6_e12_c4_a3_pos50_rep0,simrep2_twin_paired,1.112777313929471,1.3600939202150122,False
grn_n6_e12_c4_a3_pos50,grn_n6_e12_c4_a3_pos50_rep1,simrep0_twin_paired,1.4714474339551809,1.5925914363414364,False
grn_n6_e12_c4_a3_pos50,grn_n6_e12_c4_a3_pos50_rep1,simrep1_twin_paired,1.5359198203947946,1.624312416277393,False
grn_n6_e12_c4_a3_pos50,grn_n6_e12_c4_a3_pos50_rep1,simrep2_twin_paired,1.5197959134194141,1.6135781851294961,False
grn_n6_e12_c4_a3_pos50,grn_n6_e12_c4_a3_pos50_rep2,simrep0_twin_paired,1.624779126232329,1.5788748288748289,True
grn_n6_e12_c4_a3_pos50,grn_n6_e12_c4_a3_pos50_rep2,simrep1_twin_paired,1.6492249988267604,1.7566284015253009,False
grn_n6_e12_c4_a3_pos50,grn_n6_e12_c4_a3_pos50_rep2,simrep2_twin_paired,1.5745252557446188,1.5829803876678876,False
grn_n6_e6_c3_a0_pos50,grn_n6_e6_c3_a0_pos50_rep0,simrep0_twin_paired,1.664126382876383,1.781084656084656,False
grn_n6_e6_c3_a0_pos50,grn_n6_e6_c3_a0_pos50_rep0,simrep1_twin_paired,1.8075632496588379,1.558035714285714,True
grn_n6_e6_c3_a0_pos50,grn_n6_e6_c3_a0_pos50_rep0,simrep2_twin_paired,1.5887256018834965,1.6915139669001225,False
grn_n6_e6_c3_a0_pos50,grn_n6_e6_c3_a0_pos50_rep1,simrep0_twin_paired,1.3473156047169204,2.133895392047566,False
grn_n6_e6_c3_a0_pos50,grn_n6_e6_c3_a0_pos50_rep1,simrep1_twin_paired,1.071633378698596,1.7167209300361475,False
grn_n6_e6_c3_a0_pos50,grn_n6_e6_c3_a0_pos50_rep1,simrep2_twin_paired,1.898997561987758,1.901261308193412,False
grn_n6_e6_c3_a0_pos50,grn_n6_e6_c3_a0_pos50_rep2,simrep0_twin_paired,1.3429293407741683,1.376920533170533,False
grn_n6_e6_c3_a0_pos50,grn_n6_e6_c3_a0_pos50_rep2,simrep1_twin_paired,2.1762755762755766,1.214309764309764,True
grn_n6_e6_c3_a0_pos50,grn_n6_e6_c3_a0_pos50_rep2,simrep2_twin_paired,1.029352893483328,1.3586309523809519,False
grn_n6_e6_c3_a3_pos50,grn_n6_e6_c3_a3_pos50_rep0,simrep0_twin_paired,1.5597492784992786,2.193452380952381,False
grn_n6_e6_c3_a3_pos50,grn_n6_e6_c3_a3_pos50_rep0,simrep1_twin_paired,1.7361562049062047,2.490623259537733,False
grn_n6_e6_c3_a3_pos50,grn_n6_e6_c3_a3_pos50_rep0,simrep2_twin_paired,1.2976005476005474,2.407166022974846,False
grn_n6_e6_c3_a3_pos50,grn_n6_e6_c3_a3_pos50_rep1,simrep0_twin_paired,1.1413740580407246,1.9179067460317458,False
grn_n6_e6_c3_a3_pos50,grn_n6_e6_c3_a3_pos50_rep1,simrep1_twin_paired,2.417167708834375,1.8666125541125538,True
grn_n6_e6_c3_a3_pos50,grn_n6_e6_c3_a3_pos50_rep1,simrep2_twin_paired,1.4512750894329842,1.976107804232804,False
grn_n6_e6_c3_a3_pos50,grn_n6_e6_c3_a3_pos50_rep2,simrep0_twin_paired,0.9293790167241309,1.3529040404040404,False
grn_n6_e6_c3_a3_pos50,grn_n6_e6_c3_a3_pos50_rep2,simrep1_twin_paired,1.2920600711548984,1.4771299302549301,False
grn_n6_e6_c3_a3_pos50,grn_n6_e6_c3_a3_pos50_rep2,simrep2_twin_paired,1.6389324032014634,1.6991116522366518,False
grn_n6_e6_c4_a0_pos50,grn_n6_e6_c4_a0_pos50_rep0,simrep0_twin_paired,1.5843888689283425,1.5538937165775397,True
grn_n6_e6_c4_a0_pos50,grn_n6_e6_c4_a0_pos50_rep0,simrep1_twin_paired,1.491851285968933,2.055994880723141,False
grn_n6_e6_c4_a0_pos50,grn_n6_e6_c4_a0_pos50_rep0,simrep2_twin_paired,2.875890313390313,2.2361346782302665,True
grn_n6_e6_c4_a0_pos50,grn_n6_e6_c4_a0_pos50_rep1,simrep0_twin_paired,3.656565656565656,2.7083333333333335,True
grn_n6_e6_c4_a0_pos50,grn_n6_e6_c4_a0_pos50_rep1,simrep1_twin_paired,3.214636008114269,2.7680976430976427,True
grn_n6_e6_c4_a0_pos50,grn_n6_e6_c4_a0_pos50_rep1,simrep2_twin_paired,2.1381373256373255,3.3626743626743627,False
grn_n6_e6_c4_a0_pos50,grn_n6_e6_c4_a0_pos50_rep2,simrep0_twin_paired,2.470525189672195,2.283559113300492,True
grn_n6_e6_c4_a0_pos50,grn_n6_e6_c4_a0_pos50_rep2,simrep1_twin_paired,1.878418069103976,2.3316975170423437,False
grn_n6_e6_c4_a0_pos50,grn_n6_e6_c4_a0_pos50_rep2,simrep2_twin_paired,2.404714504820701,2.37970945083014,True
grn_n6_e6_c4_a3_pos50,grn_n6_e6_c4_a3_pos50_rep0,simrep0_twin_paired,3.3316168282200884,2.3052849927849923,True
grn_n6_e6_c4_a3_pos50,grn_n6_e6_c4_a3_pos50_rep0,simrep1_twin_paired,3.090157527657527,2.414141414141414,True
grn_n6_e6_c4_a3_pos50,grn_n6_e6_c4_a3_pos50_rep0,simrep2_twin_paired,1.52883038920443,2.962365850523745,False
grn_n6_e6_c4_a3_pos50,grn_n6_e6_c4_a3_pos50_rep1,simrep0_twin_paired,1.5694319977408213,2.1599326599326596,False
grn_n6_e6_c4_a3_pos50,grn_n6_e6_c4_a3_pos50_rep1,simrep1_twin_paired,1.9645992091644264,2.852600250626566,False
grn_n6_e6_c4_a3_pos50,grn_n6_e6_c4_a3_pos50_rep1,simrep2_twin_paired,2.332890874557541,2.241898148148148,True
grn_n6_e6_c4_a3_pos50,grn_n6_e6_c4_a3_pos50_rep2,simrep0_twin_paired,1.3548153235653237,2.1694139194139193,False
grn_n6_e6_c4_a3_pos50,grn_n6_e6_c4_a3_pos50_rep2,simrep1_twin_paired,2.020427489177489,2.2992434790680405,False
grn_n6_e6_c4_a3_pos50,grn_n6_e6_c4_a3_pos50_rep2,simrep2_twin_paired,2.2127976190476186,2.0788690476190474,True
B_cell_activation,B_cell_activation,simrep0_08a5aeab_twin_paired,1.5520807518937578,2.578994120275442,False
B_cell_activation,B_cell_activation,simrep1_b7d605e0_twin_paired,2.1598789426893332,2.485199014458815,False
B_cell_activation,B_cell_activation,simrep2_7dc404ae_twin_paired,1.5030459171024564,2.2547738184071897,False
B_cell_activation,B_cell_activation,simrep3_f388a313_twin_paired,2.6385257317468396,2.869359113707227,False
B_cell_activation,B_cell_activation,simrep4_107eb830_twin_paired,3.0963705411066877,3.0529237805092984,True
B_cell_activation,B_cell_activation,simrep5_2f069314_twin_paired,1.5737316644526225,2.8925337851098942,False
B_cell_activation,B_cell_activation,simrep6_548798c1_twin_paired,1.9075951058750296,2.5705492998162547,False
B_cell_activation,B_cell_activation,simrep7_3bef5b38_twin_paired,2.0901092780655155,2.344695489207084,False
B_cell_activation,B_cell_activation,simrep8_d8e103cd_twin_paired,1.930047541049733,2.5925010821092114,False
B_cell_activation,B_cell_activation,simrep9_14201498_twin_paired,1.3644788482556602,2.414647281977725,False
Circadian_cycle,Circadian_cycle,simrep0_3de670e6_twin_paired,1.474198250728863,1.5262390670553931,False
Circadian_cycle,Circadian_cycle,simrep1_792e8985_twin_paired,1.4042053184910324,1.463265306122449,False
Circadian_cycle,Circadian_cycle,simrep2_e36e6f78_twin_paired,1.6435860058309033,1.575510204081633,True
Circadian_cycle,Circadian_cycle,simrep3_fdadc8e7_twin_paired,1.4499999999999997,1.5510204081632653,False
Circadian_cycle,Circadian_cycle,simrep4_dfa5ed1d_twin_paired,1.2002473716759428,1.5428571428571427,False
Circadian_cycle,Circadian_cycle,simrep5_08537e0b_twin_paired,0.8308817033306829,1.4306122448979592,False
Circadian_cycle,Circadian_cycle,simrep6_9c74503b_twin_paired,1.3129737609329442,1.427405247813411,False
Circadian_cycle,Circadian_cycle,simrep7_97db3f90_twin_paired,1.0522175103807758,1.3867346938775509,False
Circadian_cycle,Circadian_cycle,simrep8_dc18ce50_twin_paired,0.9679830373707922,1.4989795918367346,False
Circadian_cycle,Circadian_cycle,simrep9_e4692cb8_twin_paired,1.247402597402597,1.463265306122449,False
GSD,GSD,simrep0_0_117c4801_twin_paired,1.2901160105537488,1.7151334783793672,False
GSD,GSD,simrep0_0_44b48bf3_twin_paired,1.678821899532714,1.5770411817330974,True
GSD,GSD,simrep0_0_7dd89a71_twin_paired,1.3314427395000112,1.5282902218665293,False
GSD,GSD,simrep0_1_68d8d2fd_twin_paired,1.5101710822011316,1.8667161754332942,False
GSD,GSD,simrep0_1_6e30e930_twin_paired,1.4430641492245926,1.8577220164231023,False
GSD,GSD,simrep0_1_a968dd05_twin_paired,1.4911216045013316,1.486043722875736,True
GSD,GSD,simrep0_2_580915b8_twin_paired,1.4660545664865052,1.7319714838260283,False
GSD,GSD,simrep0_2_774c5c47_twin_paired,1.631185510433453,1.6074086488201926,True
GSD,GSD,simrep0_2_f7301f6f_twin_paired,1.2830280156322136,1.7379515452659968,False
HSC,HSC,simrep0_0_6bff4482_twin_paired,2.041769207605461,1.8979308906645018,True
HSC,HSC,simrep0_0_6ed5218f_twin_paired,2.255262550619241,1.8842345208074103,True
HSC,HSC,simrep0_1_6969c104_twin_paired,2.3492407961810975,2.02708912776379,True
HSC,HSC,simrep0_1_d38e9655_twin_paired,1.6888123510480941,1.9783627958968277,False
HSC,HSC,simrep0_2_aa294c10_twin_paired,1.3018761863710298,1.597468554830144,False
HSC,HSC,simrep0_2_d7e88bea_twin_paired,2.1877774053145163,2.0359712768050358,True
HSC,HSC,simrep0_3_0645bb82_twin_paired,2.0555795236926344,1.8615005531236617,True
HSC,HSC,simrep0_3_09551c76_twin_paired,1.7370399905577596,2.237064433151389,False
HSC,HSC,simrep0_4_4823f38c_twin_paired,1.2398060082246432,1.771290201738264,False
HSC,HSC,simrep0_4_6e31f8bb_twin_paired,1.8712606332901631,1.723320351146438,True
Pluripotent,Pluripotent,simrep0_eb8c3e1d_twin_paired,1.7917668272132874,2.805454116773353,False
Pluripotent,Pluripotent,simrep1_4de1b9b1_twin_paired,1.2885993479623399,2.804209039938055,False
Pluripotent,Pluripotent,simrep2_df2be381_twin_paired,2.0554224988188152,2.980659116604074,False
Pluripotent,Pluripotent,simrep3_2bb2df02_twin_paired,2.024317211737697,3.127178490991135,False
Pluripotent,Pluripotent,simrep4_8302ee00_twin_paired,1.9225901546452178,3.1081488982397825,False
Pluripotent,Pluripotent,simrep5_5a81e786_twin_paired,1.6031527173165492,2.8077541253480267,False
VSC,VSC,simrep2_0_2befd3f9_twin_paired,2.1583527020162063,2.980717430717431,False
VSC,VSC,simrep2_0_db467b5d_twin_paired,2.075161202043899,3.0809911178146474,False
VSC,VSC,simrep2_1_c867f15c_twin_paired,2.1989610460970592,3.0568855218855218,False
VSC,VSC,simrep2_1_fcb5875c_twin_paired,2.1393263878209843,2.7001779111713753,False
VSC,VSC,simrep2_2_a4b2efd7_twin_paired,2.391288832505461,2.7232545109211777,False
VSC,VSC,simrep2_2_c8e468fc_twin_paired,1.8305601516809955,2.9224081336238195,False
VSC,VSC,simrep2_3_0fa3a94a_twin_paired,2.1121314263337974,3.1119441778265307,False
VSC,VSC,simrep2_3_dd8881d6_twin_paired,2.062776730978382,2.9477306397306395,False
VSC,VSC,simrep2_4_54a9a55d_twin_paired,1.7452733082100604,2.8086341545165077,False
VSC,VSC,simrep2_4_87f1b91d_twin_paired,1.9416228945048926,2.900918069584736,False
mCAD,mCAD,simrep1_0_3f3127d1_twin_paired,0.9657572715123048,1.1148820031933226,False
mCAD,mCAD,simrep1_0_c733c5af_twin_paired,1.0159214601000188,1.06614539306847,False
mCAD,mCAD,simrep1_1_984e3851_twin_paired,0.9072027364432149,1.1204523697104347,False
mCAD,mCAD,simrep1_1_98d3784d_twin_paired,0.8779711260338515,1.1274302620456464,False
mCAD,mCAD,simrep1_2_9c719c8a_twin_paired,0.9649409686598025,1.0508593970132432,False
mCAD,mCAD,simrep1_2_a7063ed4_twin_paired,0.917064669382071,1.0508593970132432,False
mCAD,mCAD,simrep1_3_4b249088_twin_paired,0.9022717699737869,1.0508593970132432,False
mCAD,mCAD,simrep1_3_bc300850_twin_paired,1.006638368684277,1.0508593970132432,False
mCAD,mCAD,simrep1_4_6e99bcc8_twin_paired,0.9015858249444084,1.0528620876460104,False
mCAD,mCAD,simrep1_4_986cdabb_twin_paired,0.9216343369667422,1.2882233733031538,False
