property,metric,rho,p,n
n_genes,d_z_abs_rho_t1,0.18566036718510193,0.0004213243398998286,357
n_genes,d_z_abs_rho_t2,0.20031082152395566,0.00013886864798789327,357
n_genes,d_z_abs_rho_change,-0.01485398983089712,0.779716100860984,357
n_genes,d_z_rho_change,-0.08744704955839813,0.09901858443578962,357
n_genes,d_z_div,-0.02288270553121882,0.6665439040666165,357
n_genes,d_z_het,-0.057619986444542665,0.2775755562508842,357
n_genes,d_z_d_het,-0.0447152286803569,0.39960451871080727,357
n_genes,d_z_gamma,0.10690443502911609,0.04352838922754647,357
n_genes,d_abs_rho_cross_xy,0.1097654757217503,0.038176781106884244,357
n_genes,d_z_dagger,-0.07474613107057225,0.15874478994618557,357
n_genes,d_z_flux,-0.09709174593024965,0.06689300967232961,357
n_genes,d_z_reg_gated,0.06459973490004954,0.22338835797941545,357
n_genes,auprc_x_crosscorr,0.3460208076854859,1.7708367747023907e-11,357
n_genes,auprc_x_todo4v2,0.3813811082733977,8.347325681073814e-14,357
density,d_z_abs_rho_t1,-0.39397678719465157,1.051633720857766e-14,357
density,d_z_abs_rho_t2,-0.4160332326737775,2.2448735943831975e-16,357
density,d_z_abs_rho_change,0.013407259336985682,0.8006966292233313,357
density,d_z_rho_change,0.03687029677692901,0.487408364995631,357
density,d_z_div,0.09686776229392684,0.06752779523030619,357
density,d_z_het,0.2762364598766193,1.1292217230049228e-07,357
density,d_z_d_het,-0.10823992685864935,0.040956558028390544,357
density,d_z_gamma,-0.6439148746551917,3.430647596263761e-43,357
density,d_abs_rho_cross_xy,-0.634623441372608,1.2312175514580143e-41,357
density,d_z_dagger,-0.14922898537190218,0.004719981154494334,357
density,d_z_flux,-0.006654657156433265,0.9002888477899931,357
density,d_z_reg_gated,-0.048520150163438934,0.3606723987567616,357
density,auprc_x_crosscorr,-0.8420843989847872,3.2625077032908115e-97,357
density,auprc_x_todo4v2,-0.7891132434310104,3.895952691639146e-77,357
neg_frac,d_z_abs_rho_t1,-0.08565220116140836,0.10617102005322113,357
neg_frac,d_z_abs_rho_t2,-0.09346585186865228,0.07779018468550888,357
neg_frac,d_z_abs_rho_change,-0.04547211782270774,0.3916657754222441,357
neg_frac,d_z_rho_change,-0.015362389892509707,0.7723801930261123,357
neg_frac,d_z_div,-0.021539482205662083,0.6850392449140847,357
neg_frac,d_z_het,0.5259355637527761,8.73515974644528e-27,357
neg_frac,d_z_d_het,-0.3544799801144022,5.217329392419853e-12,357
neg_frac,d_z_gamma,-0.049495771360528476,0.3510849371896505,357
neg_frac,d_abs_rho_cross_xy,-0.048261261638046164,0.3632437144263886,357
neg_frac,d_z_dagger,-0.8316820127278926,1.000185221583815e-92,357
neg_frac,d_z_flux,-0.46692431922572625,9.89479518720704e-21,357
neg_frac,d_z_reg_gated,-0.2859697849689793,3.807394774771181e-08,357
neg_frac,auprc_x_crosscorr,-0.0680336655633968,0.19968959985658827,357
neg_frac,auprc_x_todo4v2,-0.14907238929065691,0.00476434822178531,357
