dataset_id,sim_type,n_pairs,n_true_signed,crosscorr_signed_auprc_x,crosscorr_signed_f1,todo4v2_signed_auprc_x,todo4v2_signed_f1
grn_n6_e17_pos100_density_rep0,,30,17,1.9399143632246998,0.7058823529411765,2.4519028693536993,0.5882352941176471
grn_n6_e17_pos100_density_rep0,,30,17,2.3997596203925995,0.6470588235294118,2.543477461566048,0.5294117647058824
grn_n6_e17_pos100_density_rep0,,30,17,2.0901965419454855,0.47058823529411764,2.154140907841232,0.5294117647058824
grn_n6_e17_pos100_density_rep0,,30,17,2.017617701413867,0.47058823529411764,1.8986109244977991,0.4117647058823529
grn_n6_e17_pos100_density_rep0,,30,17,2.0683660248671187,0.5882352941176471,2.092717674231891,0.6470588235294118
grn_n6_e17_pos100_density_rep0,,30,17,2.096062904799929,0.5294117647058824,2.324575306853259,0.6470588235294118
grn_n6_e17_pos100_density_rep0,,30,17,2.2562314676549735,0.6470588235294118,1.9523603434562822,0.6470588235294118
grn_n6_e17_pos100_density_rep0,,30,17,1.7618583891817097,0.47058823529411764,1.7082962021084755,0.5294117647058824
grn_n6_e17_pos100_density_rep0,,30,17,2.041137371388897,0.5294117647058824,2.280122778279842,0.5882352941176471
grn_n6_e17_pos100_density_rep0,,30,17,1.624447805473278,0.4117647058823529,1.888260493914666,0.4117647058823529
grn_n6_e17_pos100_density_rep1,,30,17,2.1049167231438757,0.5294117647058824,1.6687312682289712,0.4117647058823529
grn_n6_e17_pos100_density_rep1,,30,17,2.2615575832203856,0.5882352941176471,2.0045131245483345,0.5294117647058824
grn_n6_e17_pos100_density_rep1,,30,17,2.4052217768468873,0.6470588235294118,2.3822327661149387,0.6470588235294118
grn_n6_e17_pos100_density_rep1,,30,17,2.1808888462104425,0.5882352941176471,1.840292179928581,0.47058823529411764
grn_n6_e17_pos100_density_rep1,,30,17,2.1391860207623825,0.47058823529411764,1.921885459893109,0.5882352941176471
grn_n6_e17_pos100_density_rep1,,30,17,1.4241668039752182,0.4117647058823529,1.7797682857768733,0.47058823529411764
grn_n6_e17_pos100_density_rep1,,30,17,2.1307346883095337,0.6470588235294118,2.110824593112804,0.6470588235294118
grn_n6_e17_pos100_density_rep1,,30,17,2.686732681796798,0.7058823529411765,2.6664441435025923,0.5882352941176471
grn_n6_e17_pos100_density_rep1,,30,17,2.430875786011544,0.5882352941176471,2.2674912613616147,0.5882352941176471
grn_n6_e17_pos100_density_rep1,,30,17,2.184084278870749,0.5882352941176471,2.2799642294177036,0.5882352941176471
grn_n6_e17_pos100_density_rep2,,30,17,2.4077158005599553,0.5882352941176471,2.328536601997166,0.5294117647058824
grn_n6_e17_pos100_density_rep2,,30,17,2.111546863267158,0.5882352941176471,1.9951134447650158,0.47058823529411764
grn_n6_e17_pos100_density_rep2,,30,17,2.7003786623453143,0.6470588235294118,2.662657950460451,0.7058823529411765
grn_n6_e17_pos100_density_rep2,,30,17,2.256781153195662,0.47058823529411764,2.125793801799342,0.5882352941176471
grn_n6_e17_pos100_density_rep2,,30,17,2.5270997296866993,0.7058823529411765,2.7725940183705298,0.7647058823529412
grn_n6_e17_pos100_density_rep2,,30,17,2.7240836719780877,0.6470588235294118,2.7171760589843936,0.7058823529411765
grn_n6_e17_pos100_density_rep2,,30,17,1.8881572332508274,0.6470588235294118,1.9035103401020357,0.6470588235294118
grn_n6_e17_pos100_density_rep2,,30,17,2.1337906433978087,0.5882352941176471,1.7900568176578653,0.47058823529411764
grn_n6_e5_pos100_density_rep0,,30,5,12.0,1.0,9.677142857142856,0.6
grn_n6_e5_pos100_density_rep0,,30,5,11.56,0.8000000000000002,5.897142857142857,0.6
grn_n6_e5_pos100_density_rep0,,30,5,11.035714285714285,0.8000000000000002,9.853333333333333,0.6
grn_n6_e5_pos100_density_rep0,,30,5,10.495714285714286,0.8000000000000002,9.297142857142857,0.6
grn_n6_e5_pos100_density_rep0,,30,5,11.035714285714285,0.8000000000000002,7.667012987012987,0.4000000000000001
grn_n6_e5_pos100_density_rep0,,30,5,8.81116883116883,0.6,7.690109890109889,0.4000000000000001
grn_n6_e5_pos100_density_rep0,,30,5,9.92142857142857,0.6,9.153333333333334,0.6
grn_n6_e5_pos100_density_rep0,,30,5,11.035714285714285,0.8000000000000002,9.92142857142857,0.6
grn_n6_e5_pos100_density_rep0,,30,5,9.581538461538461,0.6,8.672380952380951,0.6
grn_n6_e5_pos100_density_rep0,,30,5,8.419696969696968,0.6,8.40140056022409,0.6
grn_n6_e5_pos100_density_rep1,,30,5,10.193333333333333,0.8000000000000002,5.8757142857142854,0.6
grn_n6_e5_pos100_density_rep1,,30,5,11.257142857142858,0.8000000000000002,9.61904761904762,0.6
grn_n6_e5_pos100_density_rep1,,30,5,8.672380952380951,0.6,7.440476190476191,0.4000000000000001
grn_n6_e5_pos100_density_rep1,,30,5,10.866666666666665,0.8000000000000002,5.1306493506493505,0.4000000000000001
grn_n6_e5_pos100_density_rep1,,30,5,12.0,1.0,9.297142857142857,0.6
grn_n6_e5_pos100_density_rep1,,30,5,10.866666666666665,0.8000000000000002,7.126373626373627,0.4000000000000001
grn_n6_e5_pos100_density_rep1,,30,5,9.180714285714284,0.6,6.695238095238095,0.4000000000000001
grn_n6_e5_pos100_density_rep1,,30,5,10.495714285714286,0.8000000000000002,3.8301098901098904,0.20000000000000004
grn_n6_e5_pos100_density_rep1,,30,5,10.461538461538462,0.8000000000000002,6.967619047619047,0.6
grn_n6_e5_pos100_density_rep1,,30,5,11.56,0.8000000000000002,6.930649350649351,0.4000000000000001
grn_n6_e5_pos100_density_rep2,,30,5,12.0,1.0,11.035714285714285,0.8000000000000002
grn_n6_e5_pos100_density_rep2,,30,5,11.257142857142858,0.8000000000000002,11.56,0.8000000000000002
grn_n6_e5_pos100_density_rep2,,30,5,12.0,1.0,12.0,1.0
grn_n6_e5_pos100_density_rep2,,30,5,12.0,1.0,10.125714285714286,0.8000000000000002
grn_n6_e5_pos100_density_rep2,,30,5,12.0,1.0,9.92142857142857,0.6
grn_n6_e5_pos100_density_rep2,,30,5,12.0,1.0,11.02,0.8000000000000002
grn_n6_e5_pos100_density_rep2,,30,5,12.0,1.0,11.257142857142858,0.8000000000000002
grn_n6_e5_pos100_density_rep2,,30,5,11.035714285714285,0.8000000000000002,11.56,0.8000000000000002
grn_n6_e5_pos100_density_rep2,,30,5,12.0,1.0,10.182456140350878,0.8000000000000002
grn_n6_e5_pos100_density_rep2,,30,5,12.0,1.0,11.035714285714285,0.8000000000000002
grn_n6_e9_pos0_sign_ratio_rep0,,30,9,4.140164422844163,0.5555555555555556,2.22447309287398,0.5555555555555556
grn_n6_e9_pos0_sign_ratio_rep0,,30,9,3.1617148283814953,0.6666666666666666,2.178197861840793,0.3333333333333333
grn_n6_e9_pos0_sign_ratio_rep0,,30,9,5.104109395045068,0.6666666666666666,3.0039480183852443,0.5555555555555556
grn_n6_e9_pos0_sign_ratio_rep0,,30,9,4.7170240578793665,0.6666666666666666,2.300980483106087,0.5555555555555556
grn_n6_e9_pos0_sign_ratio_rep0,,30,9,4.583112010236194,0.6666666666666666,2.8555233484255385,0.3333333333333333
grn_n6_e9_pos0_sign_ratio_rep0,,30,9,4.119160342199558,0.6666666666666666,2.315474762218057,0.4444444444444444
grn_n6_e9_pos0_sign_ratio_rep0,,30,9,2.952866759239308,0.6666666666666666,2.076899541808857,0.4444444444444444
grn_n6_e9_pos0_sign_ratio_rep0,,30,9,3.498564030727773,0.5555555555555556,2.3540299495465185,0.4444444444444444
grn_n6_e9_pos0_sign_ratio_rep0,,30,9,4.537773827479711,0.6666666666666666,3.52072351516796,0.5555555555555556
grn_n6_e9_pos0_sign_ratio_rep0,,30,9,4.140889706937179,0.5555555555555556,2.714906441202065,0.4444444444444444
grn_n6_e9_pos0_sign_ratio_rep1,,30,9,4.295356798280776,0.5555555555555556,4.360964138741918,0.5555555555555556
grn_n6_e9_pos0_sign_ratio_rep1,,30,9,5.641295365933048,0.6666666666666666,4.975528235985753,0.6666666666666666
grn_n6_e9_pos0_sign_ratio_rep1,,30,9,5.780626780626783,0.7777777777777778,5.4597485208013286,0.7777777777777778
grn_n6_e9_pos0_sign_ratio_rep1,,30,9,5.541309033901628,0.7777777777777778,4.672690570889133,0.5555555555555556
grn_n6_e9_pos0_sign_ratio_rep1,,28,8,5.133894230769231,0.625,4.941933760683761,0.625
grn_n6_e9_pos0_sign_ratio_rep1,,30,9,5.135493827160495,0.6666666666666666,4.3543953358643535,0.5555555555555556
grn_n6_e9_pos0_sign_ratio_rep1,,30,9,3.944727709220463,0.6666666666666666,3.1905822562540984,0.5555555555555556
grn_n6_e9_pos0_sign_ratio_rep1,,30,9,3.4145726971750365,0.6666666666666666,3.5488673145122696,0.5555555555555556
grn_n6_e9_pos0_sign_ratio_rep1,,30,9,4.943081207573962,0.6666666666666666,4.1789272484576925,0.3333333333333333
grn_n6_e9_pos0_sign_ratio_rep1,,30,9,5.340994680700564,0.6666666666666666,4.954404781855763,0.5555555555555556
grn_n6_e9_pos0_sign_ratio_rep2,,30,9,3.086658197769309,0.4444444444444444,2.148626234836806,0.3333333333333333
grn_n6_e9_pos0_sign_ratio_rep2,,30,9,3.2098559876337656,0.4444444444444444,2.5956188061451217,0.3333333333333333
grn_n6_e9_pos0_sign_ratio_rep2,,30,9,3.1636491080935523,0.4444444444444444,1.99346113017137,0.3333333333333333
grn_n6_e9_pos0_sign_ratio_rep2,,30,9,2.9412425809484635,0.3333333333333333,2.6094482839036215,0.4444444444444444
grn_n6_e9_pos0_sign_ratio_rep2,,30,9,2.56108500552945,0.4444444444444444,2.762243631395678,0.4444444444444444
grn_n6_e9_pos0_sign_ratio_rep2,,30,9,3.186569945829205,0.3333333333333333,3.100783999749141,0.3333333333333333
grn_n6_e9_pos0_sign_ratio_rep2,,30,9,3.0459663792997125,0.3333333333333333,2.5476604308303656,0.3333333333333333
grn_n6_e9_pos0_sign_ratio_rep2,,30,9,2.965583798917132,0.3333333333333333,2.4526878560694985,0.2222222222222222
grn_n6_e9_pos0_sign_ratio_rep2,,30,9,2.9221976885375573,0.3333333333333333,1.8647769817360458,0.3333333333333333
grn_n6_e9_pos0_sign_ratio_rep2,,30,9,3.115148226259337,0.4444444444444444,1.98559535356921,0.3333333333333333
grn_n6_e9_pos100_center_rep0,,30,9,3.2603674466419563,0.4444444444444444,3.0073924372774945,0.4444444444444444
grn_n6_e9_pos100_center_rep0,,30,9,3.4531925109173254,0.3333333333333333,3.4606103772770442,0.4444444444444444
grn_n6_e9_pos100_center_rep0,,30,9,4.555691222357891,0.6666666666666666,3.615785969617826,0.4444444444444444
grn_n6_e9_pos100_center_rep0,,30,9,4.22465394687617,0.5555555555555556,3.7522481849967226,0.4444444444444444
grn_n6_e9_pos100_center_rep0,,30,9,4.452503429355281,0.6666666666666666,3.491169733732663,0.5555555555555556
grn_n6_e9_pos100_center_rep0,,30,9,3.6663208493273856,0.6666666666666666,3.9591297680392965,0.5555555555555556
grn_n6_e9_pos100_center_rep0,,30,9,3.6148936419051365,0.4444444444444444,2.4951873725820084,0.3333333333333333
grn_n6_e9_pos100_center_rep0,,30,9,5.634280872842966,0.7777777777777778,4.521739416397738,0.5555555555555556
grn_n6_e9_pos100_center_rep0,,30,9,4.999734349407552,0.6666666666666666,4.153799698244143,0.5555555555555556
grn_n6_e9_pos100_center_rep0,,30,9,5.0410784796749715,0.6666666666666666,4.250346480620233,0.5555555555555556
grn_n6_e9_pos100_center_rep1,,30,9,4.1386687386687395,0.4444444444444444,3.799261329963084,0.4444444444444444
grn_n6_e9_pos100_center_rep1,,30,9,3.5706151357996485,0.3333333333333333,3.5216756386347026,0.3333333333333333
grn_n6_e9_pos100_center_rep1,,30,9,4.119257228801967,0.5555555555555556,4.360171999541298,0.5555555555555556
grn_n6_e9_pos100_center_rep1,,30,9,4.5725896070723655,0.6666666666666666,4.024301151459734,0.5555555555555556
grn_n6_e9_pos100_center_rep1,,30,9,5.191125963055788,0.6666666666666666,3.4454291138157673,0.5555555555555556
grn_n6_e9_pos100_center_rep1,,30,9,4.470151437640732,0.5555555555555556,3.6652855375077595,0.5555555555555556
grn_n6_e9_pos100_center_rep1,,30,9,3.2119261714464105,0.4444444444444444,4.2762535639347234,0.5555555555555556
grn_n6_e9_pos100_center_rep1,,30,9,4.454788181640034,0.5555555555555556,4.730221201235695,0.5555555555555556
grn_n6_e9_pos100_center_rep1,,30,9,4.289101330767998,0.5555555555555556,4.220292738811257,0.5555555555555556
grn_n6_e9_pos100_center_rep1,,30,9,4.291869007039286,0.4444444444444444,4.607245754186173,0.6666666666666666
grn_n6_e9_pos100_center_rep2,,30,9,5.280858571794246,0.6666666666666666,3.9606434081426984,0.4444444444444444
grn_n6_e9_pos100_center_rep2,,30,9,4.746896984642083,0.5555555555555556,3.912600054266721,0.4444444444444444
grn_n6_e9_pos100_center_rep2,,30,9,6.141788252899365,0.7777777777777778,4.705105239587999,0.6666666666666666
grn_n6_e9_pos100_center_rep2,,30,9,5.699846268473721,0.6666666666666666,4.856216720251809,0.6666666666666666
grn_n6_e9_pos100_center_rep2,,30,9,6.359788359788361,0.8888888888888888,5.88780663780664,0.7777777777777778
grn_n6_e9_pos100_center_rep2,,30,9,4.472964819456048,0.6666666666666666,3.455605227500653,0.4444444444444444
grn_n6_e9_pos100_center_rep2,,30,9,5.744628827962163,0.7777777777777778,5.494104479398598,0.7777777777777778
grn_n6_e9_pos100_center_rep2,,30,9,4.7793071126404465,0.6666666666666666,4.1683999695493945,0.6666666666666666
grn_n6_e9_pos100_center_rep2,,30,9,5.984109693260022,0.8888888888888888,4.998135609246721,0.5555555555555556
grn_n6_e9_pos100_center_rep2,,30,9,4.734001108270114,0.5555555555555556,4.562178356622801,0.5555555555555556
grn_n6_e9_pos50_sign_ratio_rep0,,30,9,6.106190731794598,0.8888888888888888,4.460647519257921,0.5555555555555556
grn_n6_e9_pos50_sign_ratio_rep0,,30,9,6.080246913580249,0.8888888888888888,4.132544505781519,0.6666666666666666
grn_n6_e9_pos50_sign_ratio_rep0,,30,9,6.2185345518678865,0.8888888888888888,3.9628517681149265,0.5555555555555556
grn_n6_e9_pos50_sign_ratio_rep0,,30,9,6.307189542483662,0.8888888888888888,3.8305963465605863,0.5555555555555556
grn_n6_e9_pos50_sign_ratio_rep0,,30,9,6.4292497625830975,0.8888888888888888,2.570524221615343,0.5555555555555556
grn_n6_e9_pos50_sign_ratio_rep0,,30,9,6.106190731794598,0.8888888888888888,4.458278797109382,0.6666666666666666
grn_n6_e9_pos50_sign_ratio_rep0,,30,9,6.338597616375396,0.8888888888888888,3.5773923536700045,0.6666666666666666
grn_n6_e9_pos50_sign_ratio_rep0,,30,9,5.778953556731336,0.8888888888888888,3.257730982404185,0.5555555555555556
grn_n6_e9_pos50_sign_ratio_rep0,,30,9,6.525252525252527,0.8888888888888888,4.781812256449939,0.7777777777777778
grn_n6_e9_pos50_sign_ratio_rep0,,30,9,6.205533596837946,0.8888888888888888,3.5848283970889336,0.5555555555555556
grn_n6_e9_pos50_sign_ratio_rep1,,30,9,5.2212061958438785,0.6666666666666666,3.2285879870129537,0.4444444444444444
grn_n6_e9_pos50_sign_ratio_rep1,,30,9,5.7099716429781795,0.7777777777777778,3.8312152373593875,0.4444444444444444
grn_n6_e9_pos50_sign_ratio_rep1,,30,9,6.286409064186843,0.8888888888888888,4.531416861241423,0.7777777777777778
grn_n6_e9_pos50_sign_ratio_rep1,,30,9,5.186307519640853,0.6666666666666666,3.224709402245634,0.4444444444444444
grn_n6_e9_pos50_sign_ratio_rep1,,30,9,6.182716049382717,0.8888888888888888,3.881747695948052,0.5555555555555556
grn_n6_e9_pos50_sign_ratio_rep1,,30,9,4.582210998877667,0.6666666666666666,3.4699629931111415,0.5555555555555556
grn_n6_e9_pos50_sign_ratio_rep1,,30,9,3.4916970357583375,0.4444444444444444,3.557858967341726,0.6666666666666666
grn_n6_e9_pos50_sign_ratio_rep1,,30,9,5.007190340523675,0.6666666666666666,2.7640517403473646,0.4444444444444444
grn_n6_e9_pos50_sign_ratio_rep1,,30,9,5.48172355361898,0.7777777777777778,2.957107946922761,0.4444444444444444
grn_n6_e9_pos50_sign_ratio_rep1,,30,9,5.129066526006945,0.6666666666666666,4.232258663631212,0.6666666666666666
grn_n6_e9_pos50_sign_ratio_rep2,,30,9,5.391634951576473,0.7777777777777778,4.961128559167776,0.6666666666666666
grn_n6_e9_pos50_sign_ratio_rep2,,30,9,6.5010288065843636,0.8888888888888888,4.01023104321178,0.6666666666666666
grn_n6_e9_pos50_sign_ratio_rep2,,30,9,5.805318138651473,0.7777777777777778,5.140366347968688,0.6666666666666666
grn_n6_e9_pos50_sign_ratio_rep2,,30,9,5.669031458737343,0.7777777777777778,4.626302195746641,0.5555555555555556
grn_n6_e9_pos50_sign_ratio_rep2,,30,9,5.4920813634768075,0.7777777777777778,5.686104019437354,0.6666666666666666
grn_n6_e9_pos50_sign_ratio_rep2,,30,9,5.783475783475784,0.7777777777777778,3.7946626689316743,0.4444444444444444
grn_n6_e9_pos50_sign_ratio_rep2,,30,9,6.269667575223132,0.7777777777777778,4.903917070583739,0.6666666666666666
grn_n6_e9_pos50_sign_ratio_rep2,,30,9,5.8102247546692,0.7777777777777778,4.983865928310373,0.5555555555555556
grn_n6_e9_pos50_sign_ratio_rep2,,30,9,5.267258643075638,0.5555555555555556,4.5604745049189495,0.5555555555555556
grn_n6_e9_pos50_sign_ratio_rep2,,30,9,6.4292497625830975,0.8888888888888888,4.333359027803473,0.5555555555555556
