variant,dataset_id,method,f1_topk,precision_topk,auprc
directed_unsigned,grn_n10_e10_c5_a0_pos50,GENIE3,0.0111,0.0111,0.0871
directed_unsigned,grn_n10_e10_c5_a0_pos50,GRNBOOST2,0.2333,0.2333,0.2705
directed_unsigned,grn_n10_e10_c5_a0_pos50,PEARSON,0.3,0.3,0.2537
directed_unsigned,grn_n10_e10_c5_a0_pos50,PIDC,0.2,0.2,0.2345
directed_unsigned,grn_n10_e10_c5_a0_pos50,PPCOR,0.2778,0.2778,0.2834
directed_unsigned,grn_n10_e10_c5_a0_pos50,SCODE,0.1111,0.1111,0.1294
directed_unsigned,grn_n10_e10_c5_a0_pos50,SCSGL,0.1889,0.1889,0.2424
directed_unsigned,grn_n10_e10_c5_a0_pos50,TODO4v2,0.3556,0.3556,0.3372
directed_unsigned,grn_n10_e10_c5_a5_pos50,GENIE3,0.0333,0.0333,0.0854
directed_unsigned,grn_n10_e10_c5_a5_pos50,GRNBOOST2,0.3667,0.3667,0.3532
directed_unsigned,grn_n10_e10_c5_a5_pos50,PEARSON,0.3111,0.3111,0.33
directed_unsigned,grn_n10_e10_c5_a5_pos50,PIDC,0.2556,0.2556,0.2408
directed_unsigned,grn_n10_e10_c5_a5_pos50,PPCOR,0.3444,0.3444,0.316
directed_unsigned,grn_n10_e10_c5_a5_pos50,SCODE,0.1111,0.1111,0.1334
directed_unsigned,grn_n10_e10_c5_a5_pos50,SCSGL,0.3111,0.3111,0.3058
directed_unsigned,grn_n10_e10_c5_a5_pos50,TODO4v2,0.5111,0.5111,0.5683
directed_unsigned,grn_n10_e10_c8_a0_pos50,GENIE3,0.0,0.0,0.0857
directed_unsigned,grn_n10_e10_c8_a0_pos50,GRNBOOST2,0.3667,0.3667,0.4336
directed_unsigned,grn_n10_e10_c8_a0_pos50,PEARSON,0.4,0.4,0.3623
directed_unsigned,grn_n10_e10_c8_a0_pos50,PIDC,0.3667,0.3667,0.4149
directed_unsigned,grn_n10_e10_c8_a0_pos50,PPCOR,0.4,0.4,0.418
directed_unsigned,grn_n10_e10_c8_a0_pos50,SCODE,0.1,0.1,0.1158
directed_unsigned,grn_n10_e10_c8_a0_pos50,SCSGL,0.3778,0.3778,0.3898
directed_unsigned,grn_n10_e10_c8_a0_pos50,TODO4v2,0.5111,0.5111,0.5185
directed_unsigned,grn_n10_e10_c8_a5_pos50,GENIE3,0.0333,0.0333,0.0889
directed_unsigned,grn_n10_e10_c8_a5_pos50,GRNBOOST2,0.3667,0.3667,0.3664
directed_unsigned,grn_n10_e10_c8_a5_pos50,PEARSON,0.3778,0.3778,0.3186
directed_unsigned,grn_n10_e10_c8_a5_pos50,PIDC,0.3778,0.3778,0.3326
directed_unsigned,grn_n10_e10_c8_a5_pos50,PPCOR,0.4,0.4,0.3797
directed_unsigned,grn_n10_e10_c8_a5_pos50,SCODE,0.0778,0.0778,0.1179
directed_unsigned,grn_n10_e10_c8_a5_pos50,SCSGL,0.3444,0.3444,0.3625
directed_unsigned,grn_n10_e10_c8_a5_pos50,TODO4v2,0.4667,0.4667,0.4604
directed_unsigned,grn_n10_e20_c5_a0_pos50,GENIE3,0.1833,0.1833,0.2267
directed_unsigned,grn_n10_e20_c5_a0_pos50,GRNBOOST2,0.2833,0.2833,0.2792
directed_unsigned,grn_n10_e20_c5_a0_pos50,PEARSON,0.3056,0.3056,0.2813
directed_unsigned,grn_n10_e20_c5_a0_pos50,PIDC,0.2833,0.2833,0.2892
directed_unsigned,grn_n10_e20_c5_a0_pos50,PPCOR,0.3222,0.3222,0.3084
directed_unsigned,grn_n10_e20_c5_a0_pos50,SCODE,0.2,0.2,0.2352
directed_unsigned,grn_n10_e20_c5_a0_pos50,SCSGL,0.2667,0.2667,0.2627
directed_unsigned,grn_n10_e20_c5_a0_pos50,TODO4v2,0.3722,0.3722,0.3993
directed_unsigned,grn_n10_e20_c5_a5_pos50,GENIE3,0.1056,0.1056,0.1899
directed_unsigned,grn_n10_e20_c5_a5_pos50,GRNBOOST2,0.4,0.4,0.3654
directed_unsigned,grn_n10_e20_c5_a5_pos50,PEARSON,0.3222,0.3222,0.3501
directed_unsigned,grn_n10_e20_c5_a5_pos50,PIDC,0.3444,0.3444,0.331
directed_unsigned,grn_n10_e20_c5_a5_pos50,PPCOR,0.3333,0.3333,0.3674
directed_unsigned,grn_n10_e20_c5_a5_pos50,SCODE,0.1556,0.1556,0.2008
directed_unsigned,grn_n10_e20_c5_a5_pos50,SCSGL,0.3167,0.3167,0.3278
directed_unsigned,grn_n10_e20_c5_a5_pos50,TODO4v2,0.4056,0.4056,0.431
directed_unsigned,grn_n10_e20_c8_a0_pos50,GENIE3,0.2556,0.2556,0.2181
directed_unsigned,grn_n10_e20_c8_a0_pos50,GRNBOOST2,0.35,0.35,0.3456
directed_unsigned,grn_n10_e20_c8_a0_pos50,PEARSON,0.3833,0.3833,0.3642
directed_unsigned,grn_n10_e20_c8_a0_pos50,PIDC,0.3778,0.3778,0.3688
directed_unsigned,grn_n10_e20_c8_a0_pos50,PPCOR,0.3889,0.3889,0.3671
directed_unsigned,grn_n10_e20_c8_a0_pos50,SCODE,0.2222,0.2222,0.2428
directed_unsigned,grn_n10_e20_c8_a0_pos50,SCSGL,0.3833,0.3833,0.3547
directed_unsigned,grn_n10_e20_c8_a0_pos50,TODO4v2,0.4444,0.4444,0.4181
directed_unsigned,grn_n10_e20_c8_a5_pos50,GENIE3,0.2389,0.2389,0.226
directed_unsigned,grn_n10_e20_c8_a5_pos50,GRNBOOST2,0.3111,0.3111,0.3126
directed_unsigned,grn_n10_e20_c8_a5_pos50,PEARSON,0.3167,0.3167,0.3132
directed_unsigned,grn_n10_e20_c8_a5_pos50,PIDC,0.3222,0.3222,0.3148
directed_unsigned,grn_n10_e20_c8_a5_pos50,PPCOR,0.3222,0.3222,0.3209
directed_unsigned,grn_n10_e20_c8_a5_pos50,SCODE,0.2389,0.2389,0.2502
directed_unsigned,grn_n10_e20_c8_a5_pos50,SCSGL,0.2944,0.2944,0.2948
directed_unsigned,grn_n10_e20_c8_a5_pos50,TODO4v2,0.3667,0.3667,0.3578
directed_unsigned,grn_n6_e12_c3_a0_pos50,GENIE3,0.2685,0.2685,0.3111
directed_unsigned,grn_n6_e12_c3_a0_pos50,GRNBOOST2,0.4907,0.4907,0.5374
directed_unsigned,grn_n6_e12_c3_a0_pos50,PEARSON,0.4537,0.4537,0.5146
directed_unsigned,grn_n6_e12_c3_a0_pos50,PIDC,0.4259,0.4259,0.4626
directed_unsigned,grn_n6_e12_c3_a0_pos50,PPCOR,0.463,0.463,0.5124
directed_unsigned,grn_n6_e12_c3_a0_pos50,SCODE,0.3611,0.3611,0.3788
directed_unsigned,grn_n6_e12_c3_a0_pos50,SCSGL,0.4167,0.4167,0.4488
directed_unsigned,grn_n6_e12_c3_a0_pos50,TODO4v2,0.4722,0.4722,0.5502
directed_unsigned,grn_n6_e12_c3_a3_pos50,GENIE3,0.2407,0.2407,0.3044
directed_unsigned,grn_n6_e12_c3_a3_pos50,GRNBOOST2,0.4074,0.4074,0.4648
directed_unsigned,grn_n6_e12_c3_a3_pos50,PEARSON,0.3519,0.3519,0.4487
directed_unsigned,grn_n6_e12_c3_a3_pos50,PIDC,0.3611,0.3611,0.3901
directed_unsigned,grn_n6_e12_c3_a3_pos50,PPCOR,0.3519,0.3519,0.4669
directed_unsigned,grn_n6_e12_c3_a3_pos50,SCODE,0.3241,0.3241,0.3622
directed_unsigned,grn_n6_e12_c3_a3_pos50,SCSGL,0.3796,0.3796,0.4178
directed_unsigned,grn_n6_e12_c3_a3_pos50,TODO4v2,0.3889,0.3889,0.5262
directed_unsigned,grn_n6_e12_c4_a0_pos50,GENIE3,0.3981,0.3981,0.4294
directed_unsigned,grn_n6_e12_c4_a0_pos50,GRNBOOST2,0.3981,0.3981,0.436
directed_unsigned,grn_n6_e12_c4_a0_pos50,PEARSON,0.4259,0.4259,0.437
directed_unsigned,grn_n6_e12_c4_a0_pos50,PIDC,0.4074,0.4074,0.4841
directed_unsigned,grn_n6_e12_c4_a0_pos50,PPCOR,0.3981,0.3981,0.4478
directed_unsigned,grn_n6_e12_c4_a0_pos50,SCODE,0.3796,0.3796,0.4083
directed_unsigned,grn_n6_e12_c4_a0_pos50,SCSGL,0.2963,0.2963,0.3916
directed_unsigned,grn_n6_e12_c4_a0_pos50,TODO4v2,0.5,0.5,0.4774
directed_unsigned,grn_n6_e12_c4_a3_pos50,GENIE3,0.3333,0.3333,0.4042
directed_unsigned,grn_n6_e12_c4_a3_pos50,GRNBOOST2,0.5278,0.5278,0.5967
directed_unsigned,grn_n6_e12_c4_a3_pos50,PEARSON,0.4907,0.4907,0.5362
directed_unsigned,grn_n6_e12_c4_a3_pos50,PIDC,0.4722,0.4722,0.4873
directed_unsigned,grn_n6_e12_c4_a3_pos50,PPCOR,0.4722,0.4722,0.5378
directed_unsigned,grn_n6_e12_c4_a3_pos50,SCODE,0.3611,0.3611,0.4306
directed_unsigned,grn_n6_e12_c4_a3_pos50,SCSGL,0.4815,0.4815,0.5494
directed_unsigned,grn_n6_e12_c4_a3_pos50,TODO4v2,0.537,0.537,0.6434
directed_unsigned,grn_n6_e6_c3_a0_pos50,GENIE3,0.1852,0.1852,0.2176
directed_unsigned,grn_n6_e6_c3_a0_pos50,GRNBOOST2,0.3519,0.3519,0.2792
directed_unsigned,grn_n6_e6_c3_a0_pos50,PEARSON,0.2963,0.2963,0.2815
directed_unsigned,grn_n6_e6_c3_a0_pos50,PIDC,0.2407,0.2407,0.2689
directed_unsigned,grn_n6_e6_c3_a0_pos50,PPCOR,0.3148,0.3148,0.2975
directed_unsigned,grn_n6_e6_c3_a0_pos50,SCODE,0.2407,0.2407,0.2205
directed_unsigned,grn_n6_e6_c3_a0_pos50,SCSGL,0.1852,0.1852,0.2056
directed_unsigned,grn_n6_e6_c3_a0_pos50,TODO4v2,0.4259,0.4259,0.3744
directed_unsigned,grn_n6_e6_c3_a3_pos50,GENIE3,0.1481,0.1481,0.224
directed_unsigned,grn_n6_e6_c3_a3_pos50,GRNBOOST2,0.3333,0.3333,0.3697
directed_unsigned,grn_n6_e6_c3_a3_pos50,PEARSON,0.2963,0.2963,0.3059
directed_unsigned,grn_n6_e6_c3_a3_pos50,PIDC,0.2407,0.2407,0.3029
directed_unsigned,grn_n6_e6_c3_a3_pos50,PPCOR,0.2963,0.2963,0.2908
directed_unsigned,grn_n6_e6_c3_a3_pos50,SCODE,0.2407,0.2407,0.1977
directed_unsigned,grn_n6_e6_c3_a3_pos50,SCSGL,0.3148,0.3148,0.3251
directed_unsigned,grn_n6_e6_c3_a3_pos50,TODO4v2,0.3889,0.3889,0.3914
directed_unsigned,grn_n6_e6_c4_a0_pos50,GENIE3,0.1852,0.1852,0.2652
directed_unsigned,grn_n6_e6_c4_a0_pos50,GRNBOOST2,0.3704,0.3704,0.433
directed_unsigned,grn_n6_e6_c4_a0_pos50,PEARSON,0.3889,0.3889,0.395
directed_unsigned,grn_n6_e6_c4_a0_pos50,PIDC,0.3889,0.3889,0.3351
directed_unsigned,grn_n6_e6_c4_a0_pos50,PPCOR,0.3889,0.3889,0.4206
directed_unsigned,grn_n6_e6_c4_a0_pos50,SCODE,0.2407,0.2407,0.2659
directed_unsigned,grn_n6_e6_c4_a0_pos50,SCSGL,0.3148,0.3148,0.3067
directed_unsigned,grn_n6_e6_c4_a0_pos50,TODO4v2,0.4815,0.4815,0.5416
directed_unsigned,grn_n6_e6_c4_a3_pos50,PEARSON,0.3519,0.3519,0.414
directed_unsigned,grn_n6_e6_c4_a3_pos50,PIDC,0.3333,0.3333,0.3555
directed_unsigned,grn_n6_e6_c4_a3_pos50,PPCOR,0.3889,0.3889,0.4141
directed_unsigned,grn_n6_e6_c4_a3_pos50,SCODE,0.2037,0.2037,0.2092
directed_unsigned,grn_n6_e6_c4_a3_pos50,SCSGL,0.3704,0.3704,0.3799
directed_unsigned,grn_n6_e6_c4_a3_pos50,TODO4v2,0.463,0.463,0.5407
directed_unsigned,ALL,GENIE3,0.1747,0.1747,0.2242
directed_unsigned,ALL,GRNBOOST2,0.3705,0.3705,0.3895
directed_unsigned,ALL,PEARSON,0.3608,0.3608,0.3691
directed_unsigned,ALL,PIDC,0.3374,0.3374,0.3508
directed_unsigned,ALL,PPCOR,0.3664,0.3664,0.3843
directed_unsigned,ALL,SCODE,0.223,0.223,0.2437
directed_unsigned,ALL,SCSGL,0.3277,0.3277,0.3478
directed_unsigned,ALL,TODO4v2,0.4432,0.4432,0.471
signed_directed,grn_n10_e10_c5_a0_pos50,GENIE3,0.0111,0.0111,0.0545
signed_directed,grn_n10_e10_c5_a0_pos50,GRNBOOST2,0.2111,0.2111,0.1768
signed_directed,grn_n10_e10_c5_a0_pos50,PEARSON,0.3,0.3,0.2537
signed_directed,grn_n10_e10_c5_a0_pos50,PIDC,0.2,0.2,0.144
signed_directed,grn_n10_e10_c5_a0_pos50,PPCOR,0.2778,0.2778,0.2834
signed_directed,grn_n10_e10_c5_a0_pos50,SCODE,0.0778,0.0778,0.0793
signed_directed,grn_n10_e10_c5_a0_pos50,SCSGL,0.1889,0.1889,0.2424
signed_directed,grn_n10_e10_c5_a0_pos50,TODO4v2,0.3556,0.3556,0.3372
signed_directed,grn_n10_e10_c5_a5_pos50,GENIE3,0.0333,0.0333,0.0559
signed_directed,grn_n10_e10_c5_a5_pos50,GRNBOOST2,0.2889,0.2889,0.2219
signed_directed,grn_n10_e10_c5_a5_pos50,PEARSON,0.3,0.3,0.3087
signed_directed,grn_n10_e10_c5_a5_pos50,PIDC,0.2222,0.2222,0.168
signed_directed,grn_n10_e10_c5_a5_pos50,PPCOR,0.3444,0.3444,0.3021
signed_directed,grn_n10_e10_c5_a5_pos50,SCODE,0.0889,0.0889,0.0872
signed_directed,grn_n10_e10_c5_a5_pos50,SCSGL,0.3,0.3,0.284
signed_directed,grn_n10_e10_c5_a5_pos50,TODO4v2,0.5111,0.5111,0.5658
signed_directed,grn_n10_e10_c8_a0_pos50,GENIE3,0.0,0.0,0.0519
signed_directed,grn_n10_e10_c8_a0_pos50,GRNBOOST2,0.3111,0.3111,0.2724
signed_directed,grn_n10_e10_c8_a0_pos50,PEARSON,0.4,0.4,0.3623
signed_directed,grn_n10_e10_c8_a0_pos50,PIDC,0.3556,0.3556,0.2605
signed_directed,grn_n10_e10_c8_a0_pos50,PPCOR,0.4,0.4,0.418
signed_directed,grn_n10_e10_c8_a0_pos50,SCODE,0.0778,0.0778,0.0626
signed_directed,grn_n10_e10_c8_a0_pos50,SCSGL,0.3778,0.3778,0.3898
signed_directed,grn_n10_e10_c8_a0_pos50,TODO4v2,0.5111,0.5111,0.5185
signed_directed,grn_n10_e10_c8_a5_pos50,GENIE3,0.0333,0.0333,0.0522
signed_directed,grn_n10_e10_c8_a5_pos50,GRNBOOST2,0.3,0.3,0.2241
signed_directed,grn_n10_e10_c8_a5_pos50,PEARSON,0.3778,0.3778,0.3173
signed_directed,grn_n10_e10_c8_a5_pos50,PIDC,0.3111,0.3111,0.2197
signed_directed,grn_n10_e10_c8_a5_pos50,PPCOR,0.4,0.4,0.3775
signed_directed,grn_n10_e10_c8_a5_pos50,SCODE,0.0333,0.0333,0.0604
signed_directed,grn_n10_e10_c8_a5_pos50,SCSGL,0.3444,0.3444,0.359
signed_directed,grn_n10_e10_c8_a5_pos50,TODO4v2,0.4667,0.4667,0.4566
signed_directed,grn_n10_e20_c5_a0_pos50,GENIE3,0.0833,0.0833,0.1201
signed_directed,grn_n10_e20_c5_a0_pos50,GRNBOOST2,0.1444,0.1444,0.1297
signed_directed,grn_n10_e20_c5_a0_pos50,PEARSON,0.2611,0.2611,0.2239
signed_directed,grn_n10_e20_c5_a0_pos50,PIDC,0.1444,0.1444,0.1415
signed_directed,grn_n10_e20_c5_a0_pos50,PPCOR,0.2833,0.2833,0.2441
signed_directed,grn_n10_e20_c5_a0_pos50,SCODE,0.1111,0.1111,0.1293
signed_directed,grn_n10_e20_c5_a0_pos50,SCSGL,0.2333,0.2333,0.2112
signed_directed,grn_n10_e20_c5_a0_pos50,TODO4v2,0.35,0.35,0.36
signed_directed,grn_n10_e20_c5_a5_pos50,GENIE3,0.0778,0.0778,0.1209
signed_directed,grn_n10_e20_c5_a5_pos50,GRNBOOST2,0.2444,0.2444,0.174
signed_directed,grn_n10_e20_c5_a5_pos50,PEARSON,0.2667,0.2667,0.2584
signed_directed,grn_n10_e20_c5_a5_pos50,PIDC,0.2389,0.2389,0.1811
signed_directed,grn_n10_e20_c5_a5_pos50,PPCOR,0.2778,0.2778,0.2722
signed_directed,grn_n10_e20_c5_a5_pos50,SCODE,0.0944,0.0944,0.1097
signed_directed,grn_n10_e20_c5_a5_pos50,SCSGL,0.2667,0.2667,0.2467
signed_directed,grn_n10_e20_c5_a5_pos50,TODO4v2,0.3556,0.3556,0.3495
signed_directed,grn_n10_e20_c8_a0_pos50,GENIE3,0.1389,0.1389,0.1161
signed_directed,grn_n10_e20_c8_a0_pos50,GRNBOOST2,0.2722,0.2722,0.2028
signed_directed,grn_n10_e20_c8_a0_pos50,PEARSON,0.3389,0.3389,0.3098
signed_directed,grn_n10_e20_c8_a0_pos50,PIDC,0.2722,0.2722,0.21
signed_directed,grn_n10_e20_c8_a0_pos50,PPCOR,0.3444,0.3444,0.3142
signed_directed,grn_n10_e20_c8_a0_pos50,SCODE,0.1167,0.1167,0.1244
signed_directed,grn_n10_e20_c8_a0_pos50,SCSGL,0.3667,0.3667,0.3087
signed_directed,grn_n10_e20_c8_a0_pos50,TODO4v2,0.4,0.4,0.3613
signed_directed,grn_n10_e20_c8_a5_pos50,GENIE3,0.1056,0.1056,0.1065
signed_directed,grn_n10_e20_c8_a5_pos50,GRNBOOST2,0.1944,0.1944,0.1739
signed_directed,grn_n10_e20_c8_a5_pos50,PEARSON,0.2722,0.2722,0.2299
signed_directed,grn_n10_e20_c8_a5_pos50,PIDC,0.2333,0.2333,0.1821
signed_directed,grn_n10_e20_c8_a5_pos50,PPCOR,0.2778,0.2778,0.2337
signed_directed,grn_n10_e20_c8_a5_pos50,SCODE,0.1389,0.1389,0.1333
signed_directed,grn_n10_e20_c8_a5_pos50,SCSGL,0.25,0.25,0.2132
signed_directed,grn_n10_e20_c8_a5_pos50,TODO4v2,0.3333,0.3333,0.299
signed_directed,grn_n6_e12_c3_a0_pos50,GENIE3,0.1944,0.1944,0.1991
signed_directed,grn_n6_e12_c3_a0_pos50,GRNBOOST2,0.3056,0.3056,0.3232
signed_directed,grn_n6_e12_c3_a0_pos50,PEARSON,0.3704,0.3704,0.3978
signed_directed,grn_n6_e12_c3_a0_pos50,PIDC,0.2778,0.2778,0.2833
signed_directed,grn_n6_e12_c3_a0_pos50,PPCOR,0.4074,0.4074,0.3994
signed_directed,grn_n6_e12_c3_a0_pos50,SCODE,0.1852,0.1852,0.2163
signed_directed,grn_n6_e12_c3_a0_pos50,SCSGL,0.3981,0.3981,0.3792
signed_directed,grn_n6_e12_c3_a0_pos50,TODO4v2,0.3981,0.3981,0.4587
signed_directed,grn_n6_e12_c3_a3_pos50,GENIE3,0.1019,0.1019,0.1774
signed_directed,grn_n6_e12_c3_a3_pos50,GRNBOOST2,0.3241,0.3241,0.2965
signed_directed,grn_n6_e12_c3_a3_pos50,PEARSON,0.3056,0.3056,0.3398
signed_directed,grn_n6_e12_c3_a3_pos50,PIDC,0.2778,0.2778,0.2618
signed_directed,grn_n6_e12_c3_a3_pos50,PPCOR,0.2963,0.2963,0.3495
signed_directed,grn_n6_e12_c3_a3_pos50,SCODE,0.2037,0.2037,0.2015
signed_directed,grn_n6_e12_c3_a3_pos50,SCSGL,0.3426,0.3426,0.3203
signed_directed,grn_n6_e12_c3_a3_pos50,TODO4v2,0.3519,0.3519,0.443
signed_directed,grn_n6_e12_c4_a0_pos50,GENIE3,0.2037,0.2037,0.2198
signed_directed,grn_n6_e12_c4_a0_pos50,GRNBOOST2,0.2222,0.2222,0.2701
signed_directed,grn_n6_e12_c4_a0_pos50,PEARSON,0.287,0.287,0.3307
signed_directed,grn_n6_e12_c4_a0_pos50,PIDC,0.25,0.25,0.3003
signed_directed,grn_n6_e12_c4_a0_pos50,PPCOR,0.2963,0.2963,0.3442
signed_directed,grn_n6_e12_c4_a0_pos50,SCODE,0.1574,0.1574,0.2122
signed_directed,grn_n6_e12_c4_a0_pos50,SCSGL,0.2593,0.2593,0.3191
signed_directed,grn_n6_e12_c4_a0_pos50,TODO4v2,0.4722,0.4722,0.4179
signed_directed,grn_n6_e12_c4_a3_pos50,GENIE3,0.0741,0.0741,0.1753
signed_directed,grn_n6_e12_c4_a3_pos50,GRNBOOST2,0.3333,0.3333,0.3008
signed_directed,grn_n6_e12_c4_a3_pos50,PEARSON,0.3611,0.3611,0.3324
signed_directed,grn_n6_e12_c4_a3_pos50,PIDC,0.2222,0.2222,0.24
signed_directed,grn_n6_e12_c4_a3_pos50,PPCOR,0.3704,0.3704,0.3435
signed_directed,grn_n6_e12_c4_a3_pos50,SCODE,0.1944,0.1944,0.2092
signed_directed,grn_n6_e12_c4_a3_pos50,SCSGL,0.3981,0.3981,0.3791
signed_directed,grn_n6_e12_c4_a3_pos50,TODO4v2,0.4259,0.4259,0.437
signed_directed,grn_n6_e6_c3_a0_pos50,GENIE3,0.1852,0.1852,0.1608
signed_directed,grn_n6_e6_c3_a0_pos50,GRNBOOST2,0.1852,0.1852,0.1485
signed_directed,grn_n6_e6_c3_a0_pos50,PEARSON,0.2963,0.2963,0.2815
signed_directed,grn_n6_e6_c3_a0_pos50,PIDC,0.1296,0.1296,0.1623
signed_directed,grn_n6_e6_c3_a0_pos50,PPCOR,0.3148,0.3148,0.2975
signed_directed,grn_n6_e6_c3_a0_pos50,SCODE,0.1111,0.1111,0.1241
signed_directed,grn_n6_e6_c3_a0_pos50,SCSGL,0.1852,0.1852,0.1965
signed_directed,grn_n6_e6_c3_a0_pos50,TODO4v2,0.4259,0.4259,0.3735
signed_directed,grn_n6_e6_c3_a3_pos50,GENIE3,0.1296,0.1296,0.155
signed_directed,grn_n6_e6_c3_a3_pos50,GRNBOOST2,0.2593,0.2593,0.2433
signed_directed,grn_n6_e6_c3_a3_pos50,PEARSON,0.2963,0.2963,0.2819
signed_directed,grn_n6_e6_c3_a3_pos50,PIDC,0.2037,0.2037,0.205
signed_directed,grn_n6_e6_c3_a3_pos50,PPCOR,0.2963,0.2963,0.2746
signed_directed,grn_n6_e6_c3_a3_pos50,SCODE,0.0926,0.0926,0.1036
signed_directed,grn_n6_e6_c3_a3_pos50,SCSGL,0.3148,0.3148,0.3174
signed_directed,grn_n6_e6_c3_a3_pos50,TODO4v2,0.3889,0.3889,0.3777
signed_directed,grn_n6_e6_c4_a0_pos50,GENIE3,0.1852,0.1852,0.2059
signed_directed,grn_n6_e6_c4_a0_pos50,GRNBOOST2,0.3148,0.3148,0.2967
signed_directed,grn_n6_e6_c4_a0_pos50,PEARSON,0.3889,0.3889,0.395
signed_directed,grn_n6_e6_c4_a0_pos50,PIDC,0.3519,0.3519,0.1883
signed_directed,grn_n6_e6_c4_a0_pos50,PPCOR,0.3889,0.3889,0.4206
signed_directed,grn_n6_e6_c4_a0_pos50,SCODE,0.1296,0.1296,0.1465
signed_directed,grn_n6_e6_c4_a0_pos50,SCSGL,0.3148,0.3148,0.3051
signed_directed,grn_n6_e6_c4_a0_pos50,TODO4v2,0.4815,0.4815,0.5416
signed_directed,grn_n6_e6_c4_a3_pos50,PEARSON,0.3519,0.3519,0.391
signed_directed,grn_n6_e6_c4_a3_pos50,PIDC,0.2963,0.2963,0.2639
signed_directed,grn_n6_e6_c4_a3_pos50,PPCOR,0.3889,0.3889,0.3911
signed_directed,grn_n6_e6_c4_a3_pos50,SCODE,0.1111,0.1111,0.1217
signed_directed,grn_n6_e6_c4_a3_pos50,SCSGL,0.3704,0.3704,0.3643
signed_directed,grn_n6_e6_c4_a3_pos50,TODO4v2,0.463,0.463,0.5165
signed_directed,ALL,GENIE3,0.1038,0.1038,0.1314
signed_directed,ALL,GRNBOOST2,0.2607,0.2607,0.2303
signed_directed,ALL,PEARSON,0.3234,0.3234,0.3134
signed_directed,ALL,PIDC,0.2492,0.2492,0.2132
signed_directed,ALL,PPCOR,0.3353,0.3353,0.3291
signed_directed,ALL,SCODE,0.1203,0.1203,0.1326
signed_directed,ALL,SCSGL,0.3069,0.3069,0.3023
signed_directed,ALL,TODO4v2,0.4182,0.4182,0.4259
undirected,grn_n10_e10_c5_a0_pos50,GENIE3,0.0667,0.0667,0.1648
undirected,grn_n10_e10_c5_a0_pos50,GRNBOOST2,0.4444,0.4444,0.5085
undirected,grn_n10_e10_c5_a0_pos50,PEARSON,0.4333,0.4333,0.4741
undirected,grn_n10_e10_c5_a0_pos50,PIDC,0.4667,0.4667,0.4523
undirected,grn_n10_e10_c5_a0_pos50,PPCOR,0.4556,0.4556,0.5349
undirected,grn_n10_e10_c5_a0_pos50,SCODE,0.2778,0.2778,0.2721
undirected,grn_n10_e10_c5_a0_pos50,SCSGL,0.4889,0.4889,0.468
undirected,grn_n10_e10_c5_a0_pos50,TODO4v2,0.4444,0.4444,0.4904
undirected,grn_n10_e10_c5_a5_pos50,GENIE3,0.1444,0.1444,0.1917
undirected,grn_n10_e10_c5_a5_pos50,GRNBOOST2,0.4889,0.4889,0.524
undirected,grn_n10_e10_c5_a5_pos50,PEARSON,0.5556,0.5556,0.61
undirected,grn_n10_e10_c5_a5_pos50,PIDC,0.4,0.4,0.4483
undirected,grn_n10_e10_c5_a5_pos50,PPCOR,0.5556,0.5556,0.5998
undirected,grn_n10_e10_c5_a5_pos50,SCODE,0.1778,0.1778,0.2276
undirected,grn_n10_e10_c5_a5_pos50,SCSGL,0.5333,0.5333,0.5672
undirected,grn_n10_e10_c5_a5_pos50,TODO4v2,0.6111,0.6111,0.6921
undirected,grn_n10_e10_c8_a0_pos50,GENIE3,0.0111,0.0111,0.1517
undirected,grn_n10_e10_c8_a0_pos50,GRNBOOST2,0.7,0.7,0.7848
undirected,grn_n10_e10_c8_a0_pos50,PEARSON,0.6444,0.6444,0.6857
undirected,grn_n10_e10_c8_a0_pos50,PIDC,0.7222,0.7222,0.7799
undirected,grn_n10_e10_c8_a0_pos50,PPCOR,0.7222,0.7222,0.7872
undirected,grn_n10_e10_c8_a0_pos50,SCODE,0.2556,0.2556,0.2378
undirected,grn_n10_e10_c8_a0_pos50,SCSGL,0.7333,0.7333,0.7463
undirected,grn_n10_e10_c8_a0_pos50,TODO4v2,0.6556,0.6556,0.7165
undirected,grn_n10_e10_c8_a5_pos50,GENIE3,0.1,0.1,0.17
undirected,grn_n10_e10_c8_a5_pos50,GRNBOOST2,0.5778,0.5778,0.6429
undirected,grn_n10_e10_c8_a5_pos50,PEARSON,0.5111,0.5111,0.5872
undirected,grn_n10_e10_c8_a5_pos50,PIDC,0.5556,0.5556,0.6207
undirected,grn_n10_e10_c8_a5_pos50,PPCOR,0.6222,0.6222,0.7092
undirected,grn_n10_e10_c8_a5_pos50,SCODE,0.2222,0.2222,0.2737
undirected,grn_n10_e10_c8_a5_pos50,SCSGL,0.6333,0.6333,0.675
undirected,grn_n10_e10_c8_a5_pos50,TODO4v2,0.5889,0.5889,0.6989
undirected,grn_n10_e20_c5_a0_pos50,GENIE3,0.4693,0.4693,0.4636
undirected,grn_n10_e20_c5_a0_pos50,GRNBOOST2,0.5153,0.5153,0.5336
undirected,grn_n10_e20_c5_a0_pos50,PEARSON,0.5138,0.5138,0.5334
undirected,grn_n10_e20_c5_a0_pos50,PIDC,0.5215,0.5215,0.5335
undirected,grn_n10_e20_c5_a0_pos50,PPCOR,0.5539,0.5539,0.5728
undirected,grn_n10_e20_c5_a0_pos50,SCODE,0.4003,0.4003,0.4519
undirected,grn_n10_e20_c5_a0_pos50,SCSGL,0.4722,0.4722,0.4988
undirected,grn_n10_e20_c5_a0_pos50,TODO4v2,0.5493,0.5493,0.5889
undirected,grn_n10_e20_c5_a5_pos50,GENIE3,0.3437,0.3437,0.4148
undirected,grn_n10_e20_c5_a5_pos50,GRNBOOST2,0.5422,0.5422,0.6074
undirected,grn_n10_e20_c5_a5_pos50,PEARSON,0.5013,0.5013,0.6006
undirected,grn_n10_e20_c5_a5_pos50,PIDC,0.4714,0.4714,0.6
undirected,grn_n10_e20_c5_a5_pos50,PPCOR,0.5481,0.5481,0.6317
undirected,grn_n10_e20_c5_a5_pos50,SCODE,0.3915,0.3915,0.4245
undirected,grn_n10_e20_c5_a5_pos50,SCSGL,0.4779,0.4779,0.5927
undirected,grn_n10_e20_c5_a5_pos50,TODO4v2,0.5604,0.5604,0.6609
undirected,grn_n10_e20_c8_a0_pos50,GENIE3,0.3549,0.3549,0.3892
undirected,grn_n10_e20_c8_a0_pos50,GRNBOOST2,0.6226,0.6226,0.6677
undirected,grn_n10_e20_c8_a0_pos50,PEARSON,0.6178,0.6178,0.6418
undirected,grn_n10_e20_c8_a0_pos50,PIDC,0.5931,0.5931,0.657
undirected,grn_n10_e20_c8_a0_pos50,PPCOR,0.6171,0.6171,0.6545
undirected,grn_n10_e20_c8_a0_pos50,SCODE,0.3979,0.3979,0.4167
undirected,grn_n10_e20_c8_a0_pos50,SCSGL,0.5961,0.5961,0.6316
undirected,grn_n10_e20_c8_a0_pos50,TODO4v2,0.5951,0.5951,0.6445
undirected,grn_n10_e20_c8_a5_pos50,GENIE3,0.4011,0.4011,0.4329
undirected,grn_n10_e20_c8_a5_pos50,GRNBOOST2,0.4818,0.4818,0.5325
undirected,grn_n10_e20_c8_a5_pos50,PEARSON,0.5162,0.5162,0.5448
undirected,grn_n10_e20_c8_a5_pos50,PIDC,0.5062,0.5062,0.5139
undirected,grn_n10_e20_c8_a5_pos50,PPCOR,0.5286,0.5286,0.5513
undirected,grn_n10_e20_c8_a5_pos50,SCODE,0.4396,0.4396,0.4383
undirected,grn_n10_e20_c8_a5_pos50,SCSGL,0.4631,0.4631,0.5213
undirected,grn_n10_e20_c8_a5_pos50,TODO4v2,0.4901,0.4901,0.5341
undirected,grn_n6_e12_c3_a0_pos50,GENIE3,0.6444,0.6444,0.6434
undirected,grn_n6_e12_c3_a0_pos50,GRNBOOST2,0.7616,0.7616,0.7804
undirected,grn_n6_e12_c3_a0_pos50,PEARSON,0.7293,0.7293,0.7924
undirected,grn_n6_e12_c3_a0_pos50,PIDC,0.7432,0.7475,0.7575
undirected,grn_n6_e12_c3_a0_pos50,PPCOR,0.7596,0.7596,0.7949
undirected,grn_n6_e12_c3_a0_pos50,SCODE,0.7091,0.7091,0.7577
undirected,grn_n6_e12_c3_a0_pos50,SCSGL,0.7283,0.7283,0.7341
undirected,grn_n6_e12_c3_a0_pos50,TODO4v2,0.696,0.696,0.7647
undirected,grn_n6_e12_c3_a3_pos50,GENIE3,0.6667,0.6667,0.6435
undirected,grn_n6_e12_c3_a3_pos50,GRNBOOST2,0.6333,0.6333,0.7522
undirected,grn_n6_e12_c3_a3_pos50,PEARSON,0.6333,0.6333,0.7365
undirected,grn_n6_e12_c3_a3_pos50,PIDC,0.6111,0.6111,0.6771
undirected,grn_n6_e12_c3_a3_pos50,PPCOR,0.6444,0.6444,0.7491
undirected,grn_n6_e12_c3_a3_pos50,SCODE,0.6,0.6,0.6322
undirected,grn_n6_e12_c3_a3_pos50,SCSGL,0.6333,0.6333,0.7089
undirected,grn_n6_e12_c3_a3_pos50,TODO4v2,0.6444,0.6444,0.7775
undirected,grn_n6_e12_c4_a0_pos50,GENIE3,0.6864,0.6864,0.7709
undirected,grn_n6_e12_c4_a0_pos50,GRNBOOST2,0.642,0.642,0.6498
undirected,grn_n6_e12_c4_a0_pos50,PEARSON,0.6889,0.6889,0.6257
undirected,grn_n6_e12_c4_a0_pos50,PIDC,0.6667,0.6667,0.6919
undirected,grn_n6_e12_c4_a0_pos50,PPCOR,0.6654,0.6654,0.6478
undirected,grn_n6_e12_c4_a0_pos50,SCODE,0.6543,0.6543,0.7034
undirected,grn_n6_e12_c4_a0_pos50,SCSGL,0.537,0.537,0.593
undirected,grn_n6_e12_c4_a0_pos50,TODO4v2,0.6778,0.6778,0.6534
undirected,grn_n6_e12_c4_a3_pos50,GENIE3,0.697,0.697,0.7094
undirected,grn_n6_e12_c4_a3_pos50,GRNBOOST2,0.697,0.697,0.7812
undirected,grn_n6_e12_c4_a3_pos50,PEARSON,0.697,0.697,0.8077
undirected,grn_n6_e12_c4_a3_pos50,PIDC,0.7172,0.7172,0.7586
undirected,grn_n6_e12_c4_a3_pos50,PPCOR,0.7374,0.7374,0.8081
undirected,grn_n6_e12_c4_a3_pos50,SCODE,0.6869,0.6869,0.7652
undirected,grn_n6_e12_c4_a3_pos50,SCSGL,0.7273,0.7273,0.8257
undirected,grn_n6_e12_c4_a3_pos50,TODO4v2,0.7172,0.7172,0.857
undirected,grn_n6_e6_c3_a0_pos50,GENIE3,0.3704,0.3704,0.4296
undirected,grn_n6_e6_c3_a0_pos50,GRNBOOST2,0.6111,0.6111,0.5321
undirected,grn_n6_e6_c3_a0_pos50,PEARSON,0.5,0.5,0.5353
undirected,grn_n6_e6_c3_a0_pos50,PIDC,0.5185,0.5185,0.51
undirected,grn_n6_e6_c3_a0_pos50,PPCOR,0.5556,0.5556,0.5676
undirected,grn_n6_e6_c3_a0_pos50,SCODE,0.3704,0.3704,0.4493
undirected,grn_n6_e6_c3_a0_pos50,SCSGL,0.463,0.463,0.4112
undirected,grn_n6_e6_c3_a0_pos50,TODO4v2,0.5926,0.5926,0.5675
undirected,grn_n6_e6_c3_a3_pos50,GENIE3,0.2778,0.2778,0.3751
undirected,grn_n6_e6_c3_a3_pos50,GRNBOOST2,0.5185,0.5185,0.5535
undirected,grn_n6_e6_c3_a3_pos50,PEARSON,0.6111,0.6111,0.5748
undirected,grn_n6_e6_c3_a3_pos50,PIDC,0.5,0.5,0.5503
undirected,grn_n6_e6_c3_a3_pos50,PPCOR,0.5926,0.5926,0.5543
undirected,grn_n6_e6_c3_a3_pos50,SCODE,0.4074,0.4074,0.4237
undirected,grn_n6_e6_c3_a3_pos50,SCSGL,0.5926,0.5926,0.6038
undirected,grn_n6_e6_c3_a3_pos50,TODO4v2,0.5926,0.5926,0.6008
undirected,grn_n6_e6_c4_a0_pos50,GENIE3,0.2593,0.2593,0.3853
undirected,grn_n6_e6_c4_a0_pos50,GRNBOOST2,0.6852,0.6852,0.7678
undirected,grn_n6_e6_c4_a0_pos50,PEARSON,0.6852,0.6852,0.7252
undirected,grn_n6_e6_c4_a0_pos50,PIDC,0.6481,0.6481,0.6424
undirected,grn_n6_e6_c4_a0_pos50,PPCOR,0.7037,0.7037,0.7711
undirected,grn_n6_e6_c4_a0_pos50,SCODE,0.3704,0.3704,0.4778
undirected,grn_n6_e6_c4_a0_pos50,SCSGL,0.6111,0.6111,0.5856
undirected,grn_n6_e6_c4_a0_pos50,TODO4v2,0.6852,0.6852,0.7586
undirected,grn_n6_e6_c4_a3_pos50,PEARSON,0.6667,0.6667,0.7446
undirected,grn_n6_e6_c4_a3_pos50,PIDC,0.6111,0.6111,0.6462
undirected,grn_n6_e6_c4_a3_pos50,PPCOR,0.6852,0.6852,0.7632
undirected,grn_n6_e6_c4_a3_pos50,SCODE,0.4259,0.4259,0.4521
undirected,grn_n6_e6_c4_a3_pos50,SCSGL,0.6852,0.6852,0.6949
undirected,grn_n6_e6_c4_a3_pos50,TODO4v2,0.6111,0.6111,0.7263
undirected,ALL,GENIE3,0.3662,0.3662,0.4224
undirected,ALL,GRNBOOST2,0.5948,0.5948,0.6412
undirected,ALL,PEARSON,0.5941,0.5941,0.6387
undirected,ALL,PIDC,0.5783,0.5786,0.615
undirected,ALL,PPCOR,0.6217,0.6217,0.6686
undirected,ALL,SCODE,0.4242,0.4242,0.4628
undirected,ALL,SCSGL,0.586,0.586,0.6161
undirected,ALL,TODO4v2,0.607,0.607,0.6707
