dataset_id,n_selected,n_universe,n_true,todo4v2_old_auprc_x,todo4v2_old_topk,todo4v2_old_topk_f1,todo4v2_old_pass_gate,todo4v2_old_degenerate,todo4v2_new_auprc_x,todo4v2_new_topk,todo4v2_new_topk_f1,todo4v2_new_pass_gate,todo4v2_new_degenerate,todo4v2_nogate_auprc_x,todo4v2_nogate_topk,todo4v2_nogate_topk_f1,todo4v2_nogate_pass_gate,todo4v2_nogate_degenerate
B_cell_activation_rep_0_08a5aeab,90,90,18,3.2222222222222223,3/18 (of 90 selected),0.16666666666666666,2,False,2.9999999999999996,1/18 (of 90 selected),0.05555555555555555,0,True,2.079413572733714,5/18 (of 90 selected),0.2777777777777778,90,False
B_cell_activation_rep_1_b7d605e0,90,90,18,2.407407407407407,4/18 (of 90 selected),0.2222222222222222,4,False,3.2222222222222223,3/18 (of 90 selected),0.16666666666666666,2,False,2.6502565508639355,9/18 (of 90 selected),0.5,90,False
B_cell_activation_rep_2_7dc404ae,90,90,18,2.9999999999999996,1/18 (of 90 selected),0.05555555555555555,0,True,2.9999999999999996,1/18 (of 90 selected),0.05555555555555555,0,True,2.884056713086071,9/18 (of 90 selected),0.5,90,False
B_cell_activation_rep_3_f388a313,90,90,18,2.9999999999999996,1/18 (of 90 selected),0.05555555555555555,0,True,2.9999999999999996,1/18 (of 90 selected),0.05555555555555555,0,True,3.7491790706267323,12/18 (of 90 selected),0.6666666666666666,90,False
B_cell_activation_rep_4_107eb830,90,90,18,1.99537037037037,3/18 (of 90 selected),0.16666666666666666,4,False,1.9305555555555554,2/18 (of 90 selected),0.1111111111111111,2,False,3.6061089666838795,12/18 (of 90 selected),0.6666666666666666,90,False
B_cell_activation_rep_5_2f069314,90,90,18,2.9999999999999996,1/18 (of 90 selected),0.05555555555555555,0,True,2.9999999999999996,1/18 (of 90 selected),0.05555555555555555,0,True,2.3406701645111774,8/18 (of 90 selected),0.4444444444444444,90,False
B_cell_activation_rep_6_548798c1,90,90,18,2.9999999999999996,1/18 (of 90 selected),0.05555555555555555,0,True,2.9999999999999996,1/18 (of 90 selected),0.05555555555555555,0,True,2.9979894288029945,11/18 (of 90 selected),0.6111111111111112,90,False
B_cell_activation_rep_7_3bef5b38,90,90,18,0.5,1/18 (of 90 selected),0.05555555555555555,2,False,2.9999999999999996,1/18 (of 90 selected),0.05555555555555555,0,True,2.194678332859801,8/18 (of 90 selected),0.4444444444444444,90,False
B_cell_activation_rep_8_d8e103cd,90,90,18,2.9999999999999996,1/18 (of 90 selected),0.05555555555555555,0,True,2.9999999999999996,1/18 (of 90 selected),0.05555555555555555,0,True,2.8971941071122798,10/18 (of 90 selected),0.5555555555555556,90,False
B_cell_activation_rep_9_14201498,90,90,18,2.9999999999999996,1/18 (of 90 selected),0.05555555555555555,0,True,2.9999999999999996,1/18 (of 90 selected),0.05555555555555555,0,True,2.23419730490784,6/18 (of 90 selected),0.3333333333333333,90,False
Circadian_cycle_rep_0_3de670e6,12,12,7,1.0408163265306123,6/7 (of 12 selected),0.8571428571428571,2,False,1.0408163265306123,6/7 (of 12 selected),0.8571428571428571,2,False,1.6435860058309033,6/7 (of 12 selected),0.8571428571428571,12,False
Circadian_cycle_rep_1_792e8985,12,12,7,0.5,4/7 (of 12 selected),0.5714285714285714,2,False,0.5,4/7 (of 12 selected),0.5714285714285714,2,False,1.571137026239067,5/7 (of 12 selected),0.7142857142857143,12,False
Circadian_cycle_rep_2_e36e6f78,12,12,7,1.0408163265306123,6/7 (of 12 selected),0.8571428571428571,2,False,1.0408163265306123,6/7 (of 12 selected),0.8571428571428571,2,False,1.4149218128809964,5/7 (of 12 selected),0.7142857142857143,12,False
Circadian_cycle_rep_3_fdadc8e7,12,12,7,1.3571428571428572,6/7 (of 12 selected),0.8571428571428571,0,True,1.3571428571428572,6/7 (of 12 selected),0.8571428571428571,0,True,1.278624436787702,4/7 (of 12 selected),0.5714285714285714,12,False
Circadian_cycle_rep_4_dfa5ed1d,12,12,7,1.4591836734693877,6/7 (of 12 selected),0.8571428571428571,2,False,1.4591836734693877,6/7 (of 12 selected),0.8571428571428571,2,False,1.545966958211856,5/7 (of 12 selected),0.7142857142857143,12,False
Circadian_cycle_rep_5_08537e0b,12,12,7,0.806122448979592,4/7 (of 12 selected),0.5714285714285714,4,False,0.806122448979592,4/7 (of 12 selected),0.5714285714285714,4,False,1.3923270606944071,4/7 (of 12 selected),0.5714285714285714,12,False
Circadian_cycle_rep_6_9c74503b,12,12,7,1.3571428571428572,6/7 (of 12 selected),0.8571428571428571,0,True,1.3571428571428572,6/7 (of 12 selected),0.8571428571428571,0,True,1.2613746797420264,4/7 (of 12 selected),0.5714285714285714,12,False
Circadian_cycle_rep_7_97db3f90,12,12,7,0.8571428571428573,5/7 (of 12 selected),0.7142857142857143,2,False,0.8571428571428573,5/7 (of 12 selected),0.7142857142857143,2,False,1.1318093471154693,4/7 (of 12 selected),0.5714285714285714,12,False
Circadian_cycle_rep_8_dc18ce50,12,12,7,0.9877551020408162,4/7 (of 12 selected),0.5714285714285714,6,False,0.653061224489796,3/7 (of 12 selected),0.42857142857142855,4,False,1.5042053184910327,5/7 (of 12 selected),0.7142857142857143,12,False
Circadian_cycle_rep_9_e4692cb8,12,12,7,1.3571428571428572,6/7 (of 12 selected),0.8571428571428571,0,True,1.3571428571428572,6/7 (of 12 selected),0.8571428571428571,0,True,1.3458521070765967,4/7 (of 12 selected),0.5714285714285714,12,False
GSD_rep_0_0_117c4801,342,342,76,1.7765169316181622,20/76 (of 342 selected),0.2631578947368421,20,False,1.6527336020973484,19/76 (of 342 selected),0.25,20,False,1.649605466434522,30/76 (of 342 selected),0.39473684210526316,342,False
GSD_rep_0_0_44b48bf3,342,342,76,1.897720864661654,18/76 (of 342 selected),0.23684210526315788,10,False,2.2085761278195486,18/76 (of 342 selected),0.23684210526315788,8,False,1.7072560072288459,33/76 (of 342 selected),0.4342105263157895,342,False
GSD_rep_0_0_7dd89a71,342,342,76,1.9486340140123033,20/76 (of 342 selected),0.2631578947368421,14,False,1.4683388157894737,16/76 (of 342 selected),0.21052631578947367,8,False,1.6037334559003966,32/76 (of 342 selected),0.42105263157894735,342,False
GSD_rep_0_1_68d8d2fd,342,342,76,1.4263980263157894,17/76 (of 342 selected),0.2236842105263158,8,False,1.7212171052631577,17/76 (of 342 selected),0.2236842105263158,6,False,1.7562888706293533,37/76 (of 342 selected),0.4868421052631579,342,False
GSD_rep_0_1_6e30e930,342,342,76,1.1906484962406012,17/76 (of 342 selected),0.2236842105263158,10,False,1.4416940789473682,17/76 (of 342 selected),0.2236842105263158,8,False,1.677715133467337,35/76 (of 342 selected),0.4605263157894737,342,False
GSD_rep_0_1_a968dd05,342,342,76,2.278782894736842,17/76 (of 342 selected),0.2236842105263158,4,False,2.278782894736842,17/76 (of 342 selected),0.2236842105263158,4,False,1.6572457657830282,33/76 (of 342 selected),0.4342105263157895,342,False
GSD_rep_0_2_580915b8,342,342,76,1.187312030075188,16/76 (of 342 selected),0.21052631578947367,14,False,1.5224325017088176,18/76 (of 342 selected),0.23684210526315788,14,False,1.5455140626561303,28/76 (of 342 selected),0.3684210526315789,342,False
GSD_rep_0_2_774c5c47,342,342,76,1.9315554511278197,20/76 (of 342 selected),0.2631578947368421,10,False,1.7129229323308268,18/76 (of 342 selected),0.23684210526315788,10,False,1.6592177810732216,33/76 (of 342 selected),0.4342105263157895,342,False
GSD_rep_0_2_f7301f6f,342,342,76,1.4683388157894737,16/76 (of 342 selected),0.21052631578947367,8,False,1.7861842105263155,18/76 (of 342 selected),0.23684210526315788,10,False,1.5702863594739516,32/76 (of 342 selected),0.42105263157894735,342,False
HSC_rep_0_0_6bff4482,72,110,15,2.9,3/15 (of 72 selected),0.2,0,True,2.9,3/15 (of 72 selected),0.2,0,True,2.5404267966968193,10/15 (of 72 selected),0.6666666666666666,72,False
HSC_rep_0_0_6ed5218f,72,110,15,1.9066666666666667,3/15 (of 72 selected),0.2,2,False,1.9066666666666667,3/15 (of 72 selected),0.2,2,False,2.642617824758624,8/15 (of 72 selected),0.5333333333333333,72,False
HSC_rep_0_1_6969c104,72,110,15,2.9,3/15 (of 72 selected),0.2,0,True,2.9,3/15 (of 72 selected),0.2,0,True,2.46437042182281,9/15 (of 72 selected),0.6,72,False
HSC_rep_0_1_d38e9655,72,110,15,1.6666666666666667,3/15 (of 72 selected),0.2,2,False,1.6666666666666667,3/15 (of 72 selected),0.2,2,False,2.133455187419922,6/15 (of 72 selected),0.4,72,False
HSC_rep_0_2_aa294c10,72,110,15,2.9,3/15 (of 72 selected),0.2,0,True,1.9066666666666667,3/15 (of 72 selected),0.2,2,False,2.345272993272108,8/15 (of 72 selected),0.5333333333333333,72,False
HSC_rep_0_2_d7e88bea,72,110,15,2.9,3/15 (of 72 selected),0.2,0,True,2.9,3/15 (of 72 selected),0.2,0,True,2.2423653241818626,6/15 (of 72 selected),0.4,72,False
HSC_rep_0_3_0645bb82,72,110,15,2.9,3/15 (of 72 selected),0.2,0,True,2.9,3/15 (of 72 selected),0.2,0,True,2.0383567387877375,5/15 (of 72 selected),0.3333333333333333,72,False
HSC_rep_0_3_09551c76,72,110,15,2.9,3/15 (of 72 selected),0.2,0,True,3.1533333333333333,5/15 (of 72 selected),0.3333333333333333,2,False,2.717841029969606,9/15 (of 72 selected),0.6,72,False
HSC_rep_0_4_4823f38c,72,110,15,3.1533333333333333,5/15 (of 72 selected),0.3333333333333333,2,False,2.9,3/15 (of 72 selected),0.2,0,True,2.3143914334648596,8/15 (of 72 selected),0.5333333333333333,72,False
HSC_rep_0_4_6e31f8bb,72,110,15,2.9,3/15 (of 72 selected),0.2,0,True,2.9,3/15 (of 72 selected),0.2,0,True,2.294030378040148,7/15 (of 72 selected),0.4666666666666667,72,False
Pluripotent_rep_0_eb8c3e1d,1190,1260,79,0.5,1/79 (of 1190 selected),0.012658227848101266,10,False,0.5,1/79 (of 1190 selected),0.012658227848101266,12,False,5.009060989118414,29/79 (of 1190 selected),0.3670886075949367,1190,False
Pluripotent_rep_1_4de1b9b1,1190,1260,79,8.031645569620252,1/79 (of 1190 selected),0.012658227848101266,0,True,8.031645569620252,1/79 (of 1190 selected),0.012658227848101266,0,True,3.6954488588445393,20/79 (of 1190 selected),0.25316455696202533,1190,False
Pluripotent_rep_2_df2be381,1190,1260,79,1.9237301714468835,2/79 (of 1190 selected),0.02531645569620253,6,False,1.9237301714468835,2/79 (of 1190 selected),0.02531645569620253,6,False,4.459999595018393,25/79 (of 1190 selected),0.31645569620253167,1190,False
Pluripotent_rep_3_2bb2df02,1188,1260,79,1.4454414356673608,2/79 (of 1188 selected),0.02531645569620253,8,False,0.5,1/79 (of 1188 selected),0.012658227848101266,4,False,2.9784224809624997,19/79 (of 1188 selected),0.24050632911392406,1188,False
Pluripotent_rep_4_8302ee00,1190,1260,79,0.5,1/79 (of 1190 selected),0.012658227848101266,4,False,0.5,1/79 (of 1190 selected),0.012658227848101266,2,False,4.5298338868546955,29/79 (of 1190 selected),0.3670886075949367,1190,False
Pluripotent_rep_5_5a81e786,1190,1260,79,3.315681247663302,3/79 (of 1190 selected),0.0379746835443038,6,False,4.539176414036212,3/79 (of 1190 selected),0.0379746835443038,4,False,4.806965046431977,29/79 (of 1190 selected),0.3670886075949367,1190,False
VSC_rep_2_0_2befd3f9,56,56,15,0.5,3/15 (of 56 selected),0.2,2,False,0.5,3/15 (of 56 selected),0.2,2,False,1.9676220913620592,8/15 (of 56 selected),0.5333333333333333,56,False
VSC_rep_2_0_db467b5d,56,56,15,0.5,3/15 (of 56 selected),0.2,4,False,0.5,3/15 (of 56 selected),0.2,4,False,2.298922900687308,8/15 (of 56 selected),0.5333333333333333,56,False
VSC_rep_2_1_c867f15c,56,56,15,2.3666666666666667,3/15 (of 56 selected),0.2,0,True,2.3666666666666667,3/15 (of 56 selected),0.2,0,True,2.418016383483767,10/15 (of 56 selected),0.6666666666666666,56,False
VSC_rep_2_1_fcb5875c,56,56,15,0.5,3/15 (of 56 selected),0.2,2,False,0.5,3/15 (of 56 selected),0.2,2,False,2.3190842393673514,7/15 (of 56 selected),0.4666666666666667,56,False
VSC_rep_2_2_a4b2efd7,56,56,15,0.5,3/15 (of 56 selected),0.2,2,False,0.5,2/15 (of 56 selected),0.13333333333333333,4,False,2.0034809624750483,8/15 (of 56 selected),0.5333333333333333,56,False
VSC_rep_2_2_c8e468fc,56,56,15,0.5,3/15 (of 56 selected),0.2,2,False,2.3666666666666667,3/15 (of 56 selected),0.2,0,True,2.017267729189801,7/15 (of 56 selected),0.4666666666666667,56,False
VSC_rep_2_3_0fa3a94a,56,56,15,0.5,2/15 (of 56 selected),0.13333333333333333,2,False,0.5,2/15 (of 56 selected),0.13333333333333333,2,False,2.4823979392021225,8/15 (of 56 selected),0.5333333333333333,56,False
VSC_rep_2_3_dd8881d6,56,56,15,2.3666666666666667,3/15 (of 56 selected),0.2,0,True,2.3666666666666667,3/15 (of 56 selected),0.2,0,True,1.9916542516417117,8/15 (of 56 selected),0.5333333333333333,56,False
VSC_rep_2_4_54a9a55d,56,56,15,0.5,2/15 (of 56 selected),0.13333333333333333,2,False,0.5,2/15 (of 56 selected),0.13333333333333333,4,False,1.8632191232324942,7/15 (of 56 selected),0.4666666666666667,56,False
VSC_rep_2_4_87f1b91d,56,56,15,0.5,3/15 (of 56 selected),0.2,2,False,0.5,2/15 (of 56 selected),0.13333333333333333,4,False,2.030153933600344,9/15 (of 56 selected),0.6,56,False
mCAD_rep_1_0_3f3127d1,20,20,13,0.9349112426035504,6/13 (of 20 selected),0.46153846153846156,2,False,0.9349112426035504,6/13 (of 20 selected),0.46153846153846156,2,False,0.901136563956924,9/13 (of 20 selected),0.6923076923076923,20,False
mCAD_rep_1_0_c733c5af,20,20,13,0.9349112426035504,6/13 (of 20 selected),0.46153846153846156,2,False,0.9349112426035504,6/13 (of 20 selected),0.46153846153846156,2,False,0.9173021307114587,10/13 (of 20 selected),0.7692307692307693,20,False
mCAD_rep_1_1_984e3851,20,20,13,1.2692307692307692,6/13 (of 20 selected),0.46153846153846156,0,True,1.2692307692307692,6/13 (of 20 selected),0.46153846153846156,0,True,0.9101516152279154,9/13 (of 20 selected),0.6923076923076923,20,False
mCAD_rep_1_1_98d3784d,20,20,13,1.2692307692307692,6/13 (of 20 selected),0.46153846153846156,0,True,1.2692307692307692,6/13 (of 20 selected),0.46153846153846156,0,True,0.9862348457229105,9/13 (of 20 selected),0.6923076923076923,20,False
mCAD_rep_1_2_9c719c8a,20,20,13,1.3106508875739642,7/13 (of 20 selected),0.5384615384615384,2,False,1.3106508875739642,7/13 (of 20 selected),0.5384615384615384,2,False,0.9690414565659585,9/13 (of 20 selected),0.6923076923076923,20,False
mCAD_rep_1_2_a7063ed4,20,20,13,0.9349112426035504,6/13 (of 20 selected),0.46153846153846156,2,False,0.9349112426035504,6/13 (of 20 selected),0.46153846153846156,2,False,0.9999734359838411,9/13 (of 20 selected),0.6923076923076923,20,False
mCAD_rep_1_3_4b249088,20,20,13,0.8471400394477316,6/13 (of 20 selected),0.46153846153846156,4,False,0.8274161735700196,6/13 (of 20 selected),0.46153846153846156,4,False,0.9030880728262888,10/13 (of 20 selected),0.7692307692307693,20,False
mCAD_rep_1_3_bc300850,20,20,13,1.2692307692307692,6/13 (of 20 selected),0.46153846153846156,0,True,1.2692307692307692,6/13 (of 20 selected),0.46153846153846156,0,True,0.9080190392957168,10/13 (of 20 selected),0.7692307692307693,20,False
mCAD_rep_1_4_6e99bcc8,20,20,13,1.2692307692307692,6/13 (of 20 selected),0.46153846153846156,0,True,1.2692307692307692,6/13 (of 20 selected),0.46153846153846156,0,True,0.9068414375584581,10/13 (of 20 selected),0.7692307692307693,20,False
mCAD_rep_1_4_986cdabb,20,20,13,0.9349112426035504,6/13 (of 20 selected),0.46153846153846156,2,False,1.3106508875739642,7/13 (of 20 selected),0.5384615384615384,2,False,0.9159294633652082,9/13 (of 20 selected),0.6923076923076923,20,False
