dataset_id,n_pairs,n_present,n_true,todo4v2_old_auprc_x,todo4v2_old_topk,todo4v2_old_topk_f1,todo4v2_old_pass_gate,todo4v2_old_degenerate,todo4v2_new_auprc_x,todo4v2_new_topk,todo4v2_new_topk_f1,todo4v2_new_pass_gate,todo4v2_new_degenerate,todo4v2_nogate_auprc_x,todo4v2_nogate_topk,todo4v2_nogate_topk_f1,todo4v2_nogate_pass_gate,todo4v2_nogate_degenerate
grn_n10_e10_c5_a0_pos50_rep0,90,90,10,0.5,10/10 (of 90 selected),0.19999999999999998,2,False,0.5,10/10 (of 90 selected),0.19999999999999998,6,False,3.609117892415998,4/10 (of 10 selected),0.4000000000000001,90,False
grn_n10_e10_c5_a0_pos50_rep0,90,90,10,0.5,10/10 (of 90 selected),0.19999999999999998,6,False,0.5,10/10 (of 90 selected),0.19999999999999998,6,False,3.6052266291763106,4/10 (of 10 selected),0.4000000000000001,90,False
grn_n10_e10_c5_a0_pos50_rep0,90,90,10,0.5,10/10 (of 90 selected),0.19999999999999998,2,False,2.3625000000000003,10/10 (of 90 selected),0.19999999999999998,4,False,3.3974618256110296,4/10 (of 10 selected),0.4000000000000001,90,False
grn_n10_e10_c5_a0_pos50_rep1,90,90,10,1.6875,10/10 (of 90 selected),0.19999999999999998,4,False,0.5,10/10 (of 90 selected),0.19999999999999998,2,False,1.9984244523046846,3/10 (of 10 selected),0.3,90,False
grn_n10_e10_c5_a0_pos50_rep1,90,90,10,0.5,10/10 (of 90 selected),0.19999999999999998,2,False,0.5,10/10 (of 90 selected),0.19999999999999998,4,False,1.9734655597911412,2/10 (of 10 selected),0.20000000000000004,90,False
grn_n10_e10_c5_a0_pos50_rep1,90,90,10,,0/10 (of 0 selected),,0,True,0.5,10/10 (of 90 selected),0.19999999999999998,6,False,2.0051327005467874,3/10 (of 10 selected),0.3,90,False
grn_n10_e10_c5_a0_pos50_rep2,90,90,10,0.5,10/10 (of 90 selected),0.19999999999999998,2,False,0.5,10/10 (of 90 selected),0.19999999999999998,6,False,3.5105743074162237,4/10 (of 10 selected),0.4000000000000001,90,False
grn_n10_e10_c5_a0_pos50_rep2,90,90,10,,0/10 (of 0 selected),,0,True,0.5,10/10 (of 90 selected),0.19999999999999998,2,False,3.6111748573190168,4/10 (of 10 selected),0.4000000000000001,90,False
grn_n10_e10_c5_a0_pos50_rep2,90,90,10,,0/10 (of 0 selected),,0,True,2.0250000000000004,10/10 (of 90 selected),0.19999999999999998,6,False,3.6057880771970763,4/10 (of 10 selected),0.4000000000000001,90,False
grn_n10_e10_c5_a5_pos50_rep0,90,90,10,2.0250000000000004,10/10 (of 90 selected),0.19999999999999998,6,False,2.3625000000000003,10/10 (of 90 selected),0.19999999999999998,4,False,4.746520979020979,4/10 (of 10 selected),0.4000000000000001,90,False
grn_n10_e10_c5_a5_pos50_rep0,90,90,10,,0/10 (of 0 selected),,0,True,2.3625000000000003,10/10 (of 90 selected),0.19999999999999998,4,False,4.4708874758872055,5/10 (of 10 selected),0.5,90,False
grn_n10_e10_c5_a5_pos50_rep0,90,90,10,2.0250000000000004,10/10 (of 90 selected),0.19999999999999998,6,False,2.0250000000000004,10/10 (of 90 selected),0.19999999999999998,6,False,4.38078926095127,4/10 (of 10 selected),0.4000000000000001,90,False
grn_n10_e10_c5_a5_pos50_rep1,90,90,10,3.375,10/10 (of 90 selected),0.19999999999999998,2,False,,0/10 (of 0 selected),,0,True,5.245167681780584,5/10 (of 10 selected),0.5,90,False
grn_n10_e10_c5_a5_pos50_rep1,90,90,10,,0/10 (of 0 selected),,0,True,,0/10 (of 0 selected),,0,True,4.9839992846896335,6/10 (of 10 selected),0.6,90,False
grn_n10_e10_c5_a5_pos50_rep1,90,90,10,,0/10 (of 0 selected),,0,True,,0/10 (of 0 selected),,0,True,4.894601018443018,5/10 (of 10 selected),0.5,90,False
grn_n10_e10_c5_a5_pos50_rep2,90,90,10,,0/10 (of 0 selected),,0,True,,0/10 (of 0 selected),,0,True,5.971090222704792,6/10 (of 10 selected),0.6,90,False
grn_n10_e10_c5_a5_pos50_rep2,90,90,10,,0/10 (of 0 selected),,0,True,,0/10 (of 0 selected),,0,True,5.743221851677734,6/10 (of 10 selected),0.6,90,False
grn_n10_e10_c5_a5_pos50_rep2,90,90,10,4.0,10/10 (of 90 selected),0.19999999999999998,4,False,4.0,10/10 (of 90 selected),0.19999999999999998,4,False,5.592872743822894,5/10 (of 10 selected),0.5,90,False
grn_n10_e10_c8_a0_pos50_rep0,90,90,10,0.5,10/10 (of 90 selected),0.19999999999999998,2,False,2.7925,10/10 (of 90 selected),0.19999999999999998,6,False,3.4122453506196875,4/10 (of 10 selected),0.4000000000000001,90,False
grn_n10_e10_c8_a0_pos50_rep0,90,90,10,,0/10 (of 0 selected),,0,True,2.3625000000000003,10/10 (of 90 selected),0.19999999999999998,4,False,3.2090152392798457,4/10 (of 10 selected),0.4000000000000001,90,False
grn_n10_e10_c8_a0_pos50_rep0,90,90,10,0.5,10/10 (of 90 selected),0.19999999999999998,2,False,0.5,10/10 (of 90 selected),0.19999999999999998,6,False,2.739828214133313,4/10 (of 10 selected),0.4000000000000001,90,False
grn_n10_e10_c8_a0_pos50_rep1,90,90,10,0.5,10/10 (of 90 selected),0.19999999999999998,6,False,0.5,10/10 (of 90 selected),0.19999999999999998,8,False,4.923040268248249,5/10 (of 10 selected),0.5,90,False
grn_n10_e10_c8_a0_pos50_rep1,90,90,10,0.5,10/10 (of 90 selected),0.19999999999999998,4,False,2.0650000000000004,10/10 (of 90 selected),0.19999999999999998,6,False,4.331075817094314,5/10 (of 10 selected),0.5,90,False
grn_n10_e10_c8_a0_pos50_rep1,90,90,10,0.5,0/10 (of 10 selected),0.0,16,False,0.5,0/10 (of 10 selected),0.0,12,False,3.8799434894752265,5/10 (of 10 selected),0.5,90,False
grn_n10_e10_c8_a0_pos50_rep2,90,90,10,,0/10 (of 0 selected),,0,True,2.7000000000000006,10/10 (of 90 selected),0.19999999999999998,2,False,5.640122180451128,6/10 (of 10 selected),0.6,90,False
grn_n10_e10_c8_a0_pos50_rep2,90,90,10,3.375,10/10 (of 90 selected),0.19999999999999998,2,False,3.375,10/10 (of 90 selected),0.19999999999999998,2,False,6.652585576188517,6/10 (of 10 selected),0.6,90,False
grn_n10_e10_c8_a0_pos50_rep2,90,90,10,,0/10 (of 0 selected),,0,True,3.375,10/10 (of 90 selected),0.19999999999999998,2,False,7.2100365363536705,7/10 (of 10 selected),0.7,90,False
grn_n10_e10_c8_a5_pos50_rep0,90,90,10,0.5,10/10 (of 90 selected),0.19999999999999998,2,False,0.5,10/10 (of 90 selected),0.19999999999999998,2,False,4.173124019273409,4/10 (of 10 selected),0.4000000000000001,90,False
grn_n10_e10_c8_a5_pos50_rep0,90,90,10,0.5,10/10 (of 90 selected),0.19999999999999998,4,False,0.5,10/10 (of 90 selected),0.19999999999999998,4,False,4.354611063901037,5/10 (of 10 selected),0.5,90,False
grn_n10_e10_c8_a5_pos50_rep0,90,90,10,0.5,10/10 (of 90 selected),0.19999999999999998,2,False,1.5750000000000002,10/10 (of 90 selected),0.19999999999999998,4,False,4.232578899042134,5/10 (of 10 selected),0.5,90,False
grn_n10_e10_c8_a5_pos50_rep1,90,90,10,,0/10 (of 0 selected),,0,True,,0/10 (of 0 selected),,0,True,4.861717332362494,6/10 (of 10 selected),0.6,90,False
grn_n10_e10_c8_a5_pos50_rep1,90,90,10,,0/10 (of 0 selected),,0,True,,0/10 (of 0 selected),,0,True,5.18052971699788,7/10 (of 10 selected),0.7,90,False
grn_n10_e10_c8_a5_pos50_rep1,90,90,10,,0/10 (of 0 selected),,0,True,,0/10 (of 0 selected),,0,True,3.8844316615565404,3/10 (of 10 selected),0.3,90,False
grn_n10_e10_c8_a5_pos50_rep2,90,90,10,0.5,10/10 (of 90 selected),0.19999999999999998,2,False,2.1175,10/10 (of 90 selected),0.19999999999999998,6,False,3.5755745652198354,4/10 (of 10 selected),0.4000000000000001,90,False
grn_n10_e10_c8_a5_pos50_rep2,90,90,10,1.0205357142857143,10/10 (of 90 selected),0.19999999999999998,8,False,1.3717857142857144,2/10 (of 10 selected),0.20000000000000004,10,False,3.6760740660940887,4/10 (of 10 selected),0.4000000000000001,90,False
grn_n10_e10_c8_a5_pos50_rep2,90,90,10,0.5,10/10 (of 90 selected),0.19999999999999998,4,False,0.5,10/10 (of 90 selected),0.19999999999999998,4,False,3.3562077059544233,4/10 (of 10 selected),0.4000000000000001,90,False
grn_n10_e20_c5_a0_pos50_rep0,90,90,20,,0/20 (of 0 selected),,0,True,,0/20 (of 0 selected),,0,True,2.5502489878560035,10/20 (of 20 selected),0.5,90,False
grn_n10_e20_c5_a0_pos50_rep0,90,90,20,,0/20 (of 0 selected),,0,True,,0/20 (of 0 selected),,0,True,2.5712388769463717,9/20 (of 20 selected),0.45,90,False
grn_n10_e20_c5_a0_pos50_rep0,90,90,20,,0/20 (of 0 selected),,0,True,,0/20 (of 0 selected),,0,True,1.8211748311832252,9/20 (of 20 selected),0.45,90,False
grn_n10_e20_c5_a0_pos50_rep1,90,90,20,0.5,20/20 (of 90 selected),0.3636363636363636,4,False,0.5,20/20 (of 90 selected),0.3636363636363636,4,False,1.709160696670304,8/20 (of 20 selected),0.4000000000000001,90,False
grn_n10_e20_c5_a0_pos50_rep1,90,90,20,,0/20 (of 0 selected),,0,True,,0/20 (of 0 selected),,0,True,1.9987498591420647,9/20 (of 20 selected),0.45,90,False
grn_n10_e20_c5_a0_pos50_rep1,90,90,20,,0/20 (of 0 selected),,0,True,,0/20 (of 0 selected),,0,True,2.0533175871497327,9/20 (of 20 selected),0.45,90,False
grn_n10_e20_c5_a0_pos50_rep2,90,90,20,1.81875,20/20 (of 90 selected),0.3636363636363636,4,False,1.3530357142857146,20/20 (of 90 selected),0.3636363636363636,12,False,1.3602023541868058,5/20 (of 20 selected),0.25,90,False
grn_n10_e20_c5_a0_pos50_rep2,90,90,20,1.76875,20/20 (of 90 selected),0.3636363636363636,2,False,1.254375,20/20 (of 90 selected),0.3636363636363636,8,False,1.0569804051907936,4/20 (of 20 selected),0.20000000000000004,90,False
grn_n10_e20_c5_a0_pos50_rep2,90,90,20,1.065625,20/20 (of 90 selected),0.3636363636363636,4,False,0.5,20/20 (of 90 selected),0.3636363636363636,2,False,1.0502252375285137,4/20 (of 20 selected),0.20000000000000004,90,False
grn_n10_e20_c5_a5_pos50_rep0,90,90,20,1.76875,20/20 (of 90 selected),0.3636363636363636,2,False,1.0375,20/20 (of 90 selected),0.3636363636363636,4,False,1.6901664107831387,9/20 (of 20 selected),0.45,90,False
grn_n10_e20_c5_a5_pos50_rep0,90,90,20,,0/20 (of 0 selected),,0,True,,0/20 (of 0 selected),,0,True,1.7108784547394986,8/20 (of 20 selected),0.4000000000000001,90,False
grn_n10_e20_c5_a5_pos50_rep0,90,90,20,0.7646875000000001,20/20 (of 90 selected),0.3636363636363636,8,False,0.8874999999999998,20/20 (of 90 selected),0.3636363636363636,6,False,1.9372228743446325,9/20 (of 20 selected),0.45,90,False
grn_n10_e20_c5_a5_pos50_rep1,90,90,20,1.575,20/20 (of 90 selected),0.3636363636363636,6,False,1.2704545454545455,20/20 (of 90 selected),0.3636363636363636,12,False,1.5653453798625734,7/20 (of 20 selected),0.35,90,False
grn_n10_e20_c5_a5_pos50_rep1,90,90,20,1.2262499999999998,20/20 (of 90 selected),0.3636363636363636,6,False,1.3125000000000002,20/20 (of 90 selected),0.3636363636363636,8,False,1.5154776925315983,5/20 (of 20 selected),0.25,90,False
grn_n10_e20_c5_a5_pos50_rep1,90,90,20,1.6325,20/20 (of 90 selected),0.3636363636363636,6,False,1.6942857142857146,20/20 (of 90 selected),0.3636363636363636,8,False,1.561146276253995,6/20 (of 20 selected),0.3,90,False
grn_n10_e20_c5_a5_pos50_rep2,90,90,20,,0/20 (of 0 selected),,0,True,1.76875,20/20 (of 90 selected),0.3636363636363636,2,False,2.3434474441035644,9/20 (of 20 selected),0.45,90,False
grn_n10_e20_c5_a5_pos50_rep2,90,90,20,2.9250000000000007,20/20 (of 90 selected),0.3636363636363636,2,False,2.9250000000000007,20/20 (of 90 selected),0.3636363636363636,2,False,2.359540494934983,9/20 (of 20 selected),0.45,90,False
grn_n10_e20_c5_a5_pos50_rep2,90,90,20,0.5,20/20 (of 90 selected),0.3636363636363636,2,False,0.5,20/20 (of 90 selected),0.3636363636363636,2,False,2.772925703599829,11/20 (of 20 selected),0.55,90,False
grn_n10_e20_c8_a0_pos50_rep0,90,90,20,1.234375,20/20 (of 90 selected),0.3636363636363636,4,False,1.4437499999999999,20/20 (of 90 selected),0.3636363636363636,6,False,1.4945932326513245,9/20 (of 20 selected),0.45,90,False
grn_n10_e20_c8_a0_pos50_rep0,90,90,20,1.9125,20/20 (of 90 selected),0.3636363636363636,4,False,1.8968749999999999,20/20 (of 90 selected),0.3636363636363636,6,False,1.6204385060374977,9/20 (of 20 selected),0.45,90,False
grn_n10_e20_c8_a0_pos50_rep0,90,90,20,2.906250000000001,20/20 (of 90 selected),0.3636363636363636,6,False,2.9250000000000007,20/20 (of 90 selected),0.3636363636363636,2,False,1.765183857912974,9/20 (of 20 selected),0.45,90,False
grn_n10_e20_c8_a0_pos50_rep1,90,90,20,1.76875,20/20 (of 90 selected),0.3636363636363636,2,False,1.81875,20/20 (of 90 selected),0.3636363636363636,4,False,2.194437444171033,9/20 (of 20 selected),0.45,90,False
grn_n10_e20_c8_a0_pos50_rep1,90,90,20,1.6,20/20 (of 90 selected),0.3636363636363636,2,False,1.065625,20/20 (of 90 selected),0.3636363636363636,4,False,2.190800764363138,10/20 (of 20 selected),0.5,90,False
grn_n10_e20_c8_a0_pos50_rep1,90,90,20,1.9581250000000001,20/20 (of 90 selected),0.3636363636363636,8,False,1.5129017857142857,20/20 (of 90 selected),0.3636363636363636,8,False,2.3035595295538225,10/20 (of 20 selected),0.5,90,False
grn_n10_e20_c8_a0_pos50_rep2,81,81,17,1.8719723183391004,17/17 (of 81 selected),0.346938775510204,2,False,1.8719723183391004,17/17 (of 81 selected),0.346938775510204,2,False,2.0821596526762867,7/17 (of 17 selected),0.4117647058823529,81,False
grn_n10_e20_c8_a0_pos50_rep2,90,90,20,,0/20 (of 0 selected),,0,True,,0/20 (of 0 selected),,0,True,1.7727622068026525,8/20 (of 20 selected),0.4000000000000001,90,False
grn_n10_e20_c8_a0_pos50_rep2,90,90,20,1.575,20/20 (of 90 selected),0.3636363636363636,6,False,1.234375,20/20 (of 90 selected),0.3636363636363636,4,False,1.7697626168315372,7/20 (of 20 selected),0.35,90,False
grn_n10_e20_c8_a5_pos50_rep0,90,90,20,,0/20 (of 0 selected),,0,True,,0/20 (of 0 selected),,0,True,1.6633963981395328,7/20 (of 20 selected),0.35,90,False
grn_n10_e20_c8_a5_pos50_rep0,90,90,20,0.5,20/20 (of 90 selected),0.3636363636363636,2,False,0.5,20/20 (of 90 selected),0.3636363636363636,2,False,1.8828595371366172,9/20 (of 20 selected),0.45,90,False
grn_n10_e20_c8_a5_pos50_rep0,90,90,20,2.9250000000000007,20/20 (of 90 selected),0.3636363636363636,2,False,,0/20 (of 0 selected),,0,True,2.3044911496700538,13/20 (of 20 selected),0.65,90,False
grn_n10_e20_c8_a5_pos50_rep1,72,72,14,,0/14 (of 0 selected),,0,True,,0/14 (of 0 selected),,0,True,1.7777962102689082,5/14 (of 14 selected),0.35714285714285715,72,False
grn_n10_e20_c8_a5_pos50_rep1,90,90,20,,0/20 (of 0 selected),,0,True,,0/20 (of 0 selected),,0,True,1.268177958055269,6/20 (of 20 selected),0.3,90,False
grn_n10_e20_c8_a5_pos50_rep1,72,72,14,,0/14 (of 0 selected),,0,True,1.75,14/14 (of 72 selected),0.32558139534883723,2,False,1.5305492429406231,5/14 (of 14 selected),0.35714285714285715,72,False
grn_n10_e20_c8_a5_pos50_rep2,90,90,20,2.46875,20/20 (of 90 selected),0.3636363636363636,4,False,0.8537499999999999,20/20 (of 90 selected),0.3636363636363636,6,False,1.5805691715922552,8/20 (of 20 selected),0.4000000000000001,90,False
grn_n10_e20_c8_a5_pos50_rep2,90,90,20,1.76875,20/20 (of 90 selected),0.3636363636363636,2,False,1.78125,20/20 (of 90 selected),0.3636363636363636,4,False,1.679801451910891,7/20 (of 20 selected),0.35,90,False
grn_n10_e20_c8_a5_pos50_rep2,90,90,20,2.9250000000000007,20/20 (of 90 selected),0.3636363636363636,2,False,2.4175000000000004,20/20 (of 90 selected),0.3636363636363636,6,False,1.5160199313464446,6/20 (of 20 selected),0.3,90,False
grn_n6_e12_c3_a0_pos50_rep0,30,30,12,,0/12 (of 0 selected),,0,True,,0/12 (of 0 selected),,0,True,1.1913178106774358,5/12 (of 12 selected),0.4166666666666667,30,False
grn_n6_e12_c3_a0_pos50_rep0,30,30,12,1.2395833333333333,12/12 (of 30 selected),0.5714285714285715,2,False,1.2395833333333333,12/12 (of 30 selected),0.5714285714285715,2,False,1.2398043629129154,5/12 (of 12 selected),0.4166666666666667,30,False
grn_n6_e12_c3_a0_pos50_rep0,30,30,12,,0/12 (of 0 selected),,0,True,,0/12 (of 0 selected),,0,True,1.1704007107182164,5/12 (of 12 selected),0.4166666666666667,30,False
grn_n6_e12_c3_a0_pos50_rep1,30,30,12,,0/12 (of 0 selected),,0,True,,0/12 (of 0 selected),,0,True,1.081819728556907,4/12 (of 12 selected),0.3333333333333333,30,False
grn_n6_e12_c3_a0_pos50_rep1,28,28,11,,0/11 (of 0 selected),,0,True,,0/11 (of 0 selected),,0,True,0.8930587303622839,4/11 (of 11 selected),0.36363636363636365,28,False
grn_n6_e12_c3_a0_pos50_rep1,28,28,11,,0/11 (of 0 selected),,0,True,,0/11 (of 0 selected),,0,True,0.8689034006975255,4/11 (of 11 selected),0.36363636363636365,28,False
grn_n6_e12_c3_a0_pos50_rep2,30,30,12,1.2395833333333333,12/12 (of 30 selected),0.5714285714285715,2,False,1.2395833333333333,12/12 (of 30 selected),0.5714285714285715,2,False,2.075903627873737,9/12 (of 12 selected),0.75,30,False
grn_n6_e12_c3_a0_pos50_rep2,30,30,12,1.703125,12/12 (of 30 selected),0.5714285714285715,4,False,1.642361111111111,12/12 (of 30 selected),0.5714285714285715,4,False,1.9549919736519912,7/12 (of 12 selected),0.5833333333333334,30,False
grn_n6_e12_c3_a0_pos50_rep2,30,30,12,,0/12 (of 0 selected),,0,True,0.5,12/12 (of 30 selected),0.5714285714285715,2,False,1.9144702715394153,8/12 (of 12 selected),0.6666666666666666,30,False
grn_n6_e12_c3_a3_pos50_rep0,20,20,7,,0/7 (of 0 selected),,0,True,,0/7 (of 0 selected),,0,True,1.6451005214115721,4/7 (of 7 selected),0.5714285714285714,20,False
grn_n6_e12_c3_a3_pos50_rep0,20,20,7,,0/7 (of 0 selected),,0,True,,0/7 (of 0 selected),,0,True,2.093730472892664,4/7 (of 7 selected),0.5714285714285714,20,False
grn_n6_e12_c3_a3_pos50_rep0,20,20,7,2.193877551020408,7/7 (of 20 selected),0.5185185185185185,2,False,2.193877551020408,7/7 (of 20 selected),0.5185185185185185,2,False,2.253192505072204,5/7 (of 7 selected),0.7142857142857143,20,False
grn_n6_e12_c3_a3_pos50_rep1,30,30,12,,0/12 (of 0 selected),,0,True,,0/12 (of 0 selected),,0,True,1.1327917019122231,3/12 (of 12 selected),0.25,30,False
grn_n6_e12_c3_a3_pos50_rep1,30,30,12,,0/12 (of 0 selected),,0,True,1.2395833333333333,12/12 (of 30 selected),0.5714285714285715,2,False,1.1404512803038989,3/12 (of 12 selected),0.25,30,False
grn_n6_e12_c3_a3_pos50_rep1,30,30,12,,0/12 (of 0 selected),,0,True,,0/12 (of 0 selected),,0,True,1.106560533654209,3/12 (of 12 selected),0.25,30,False
grn_n6_e12_c3_a3_pos50_rep2,30,30,12,1.111111111111111,12/12 (of 30 selected),0.5714285714285715,4,False,0.857638888888889,12/12 (of 30 selected),0.5714285714285715,6,False,1.4686872372174944,5/12 (of 12 selected),0.4166666666666667,30,False
grn_n6_e12_c3_a3_pos50_rep2,30,30,12,1.0590277777777777,12/12 (of 30 selected),0.5714285714285715,4,False,1.0590277777777777,12/12 (of 30 selected),0.5714285714285715,4,False,1.4810842702509535,6/12 (of 12 selected),0.5,30,False
grn_n6_e12_c3_a3_pos50_rep2,30,30,12,1.2395833333333333,12/12 (of 30 selected),0.5714285714285715,2,False,1.2395833333333333,12/12 (of 30 selected),0.5714285714285715,2,False,1.2958439757938662,6/12 (of 12 selected),0.5,30,False
grn_n6_e12_c4_a0_pos50_rep0,30,30,12,,0/12 (of 0 selected),,0,True,1.2395833333333333,12/12 (of 30 selected),0.5714285714285715,2,False,1.2719612146324606,5/12 (of 12 selected),0.4166666666666667,30,False
grn_n6_e12_c4_a0_pos50_rep0,30,30,12,,0/12 (of 0 selected),,0,True,,0/12 (of 0 selected),,0,True,1.098584800455741,7/12 (of 12 selected),0.5833333333333334,30,False
grn_n6_e12_c4_a0_pos50_rep0,30,30,12,1.2395833333333333,12/12 (of 30 selected),0.5714285714285715,2,False,1.2395833333333333,12/12 (of 30 selected),0.5714285714285715,2,False,1.4081429400125558,7/12 (of 12 selected),0.5833333333333334,30,False
grn_n6_e12_c4_a0_pos50_rep1,30,30,12,1.8750000000000002,12/12 (of 30 selected),0.5714285714285715,2,False,1.8750000000000002,12/12 (of 30 selected),0.5714285714285715,2,False,1.4421183051697757,6/12 (of 12 selected),0.5,30,False
grn_n6_e12_c4_a0_pos50_rep1,30,30,12,1.8750000000000002,12/12 (of 30 selected),0.5714285714285715,2,False,0.8962053571428572,12/12 (of 30 selected),0.5714285714285715,8,False,1.5026990112447385,7/12 (of 12 selected),0.5833333333333334,30,False
grn_n6_e12_c4_a0_pos50_rep1,30,30,12,1.8750000000000002,12/12 (of 30 selected),0.5714285714285715,2,False,1.8750000000000002,12/12 (of 30 selected),0.5714285714285715,2,False,1.2104829972396407,6/12 (of 12 selected),0.5,30,False
grn_n6_e12_c4_a0_pos50_rep2,30,30,12,1.407986111111111,12/12 (of 30 selected),0.5714285714285715,6,False,1.1805555555555554,12/12 (of 30 selected),0.5714285714285715,6,False,0.9290571557809044,5/12 (of 12 selected),0.4166666666666667,30,False
grn_n6_e12_c4_a0_pos50_rep2,30,30,12,1.0833333333333333,12/12 (of 30 selected),0.5714285714285715,2,False,1.2395833333333333,12/12 (of 30 selected),0.5714285714285715,2,False,0.9505039148917866,6/12 (of 12 selected),0.5,30,False
grn_n6_e12_c4_a0_pos50_rep2,30,30,12,1.2395833333333333,12/12 (of 30 selected),0.5714285714285715,2,False,1.2395833333333333,12/12 (of 30 selected),0.5714285714285715,2,False,0.9272410171968011,5/12 (of 12 selected),0.4166666666666667,30,False
grn_n6_e12_c4_a3_pos50_rep0,30,30,12,1.1649305555555556,12/12 (of 30 selected),0.5714285714285715,6,False,1.3541666666666665,12/12 (of 30 selected),0.5714285714285715,4,False,1.1310057047685769,7/12 (of 12 selected),0.5833333333333334,30,False
grn_n6_e12_c4_a3_pos50_rep0,30,30,12,,0/12 (of 0 selected),,0,True,,0/12 (of 0 selected),,0,True,1.7113404883654217,6/12 (of 12 selected),0.5,30,False
grn_n6_e12_c4_a3_pos50_rep0,30,30,12,0.5,12/12 (of 30 selected),0.5714285714285715,2,False,,0/12 (of 0 selected),,0,True,1.6557545741385153,6/12 (of 12 selected),0.5,30,False
grn_n6_e12_c4_a3_pos50_rep1,30,30,12,,0/12 (of 0 selected),,0,True,0.5,12/12 (of 30 selected),0.5714285714285715,2,False,1.563355190413215,6/12 (of 12 selected),0.5,30,False
grn_n6_e12_c4_a3_pos50_rep1,30,30,12,,0/12 (of 0 selected),,0,True,0.5,12/12 (of 30 selected),0.5714285714285715,2,False,1.6352133463604457,7/12 (of 12 selected),0.5833333333333334,30,False
grn_n6_e12_c4_a3_pos50_rep1,30,30,12,0.5,12/12 (of 30 selected),0.5714285714285715,2,False,0.5,12/12 (of 30 selected),0.5714285714285715,2,False,1.605456124429454,6/12 (of 12 selected),0.5,30,False
grn_n6_e12_c4_a3_pos50_rep2,30,30,12,1.1357886904761905,12/12 (of 30 selected),0.5714285714285715,8,False,1.09375,12/12 (of 30 selected),0.5714285714285715,6,False,1.6378176126991058,6/12 (of 12 selected),0.5,30,False
grn_n6_e12_c4_a3_pos50_rep2,30,30,12,1.3541666666666665,12/12 (of 30 selected),0.5714285714285715,4,False,1.2395833333333333,12/12 (of 30 selected),0.5714285714285715,2,False,1.7536714371966566,7/12 (of 12 selected),0.5833333333333334,30,False
grn_n6_e12_c4_a3_pos50_rep2,30,30,12,,0/12 (of 0 selected),,0,True,,0/12 (of 0 selected),,0,True,1.7832645079021894,7/12 (of 12 selected),0.5833333333333334,30,False
grn_n6_e6_c3_a0_pos50_rep0,30,30,6,,0/6 (of 0 selected),,0,True,,0/6 (of 0 selected),,0,True,1.8041564916564916,3/6 (of 6 selected),0.5,30,False
grn_n6_e6_c3_a0_pos50_rep0,30,30,6,,0/6 (of 0 selected),,0,True,0.5,6/6 (of 30 selected),0.33333333333333337,2,False,2.189304193899782,4/6 (of 6 selected),0.6666666666666666,30,False
grn_n6_e6_c3_a0_pos50_rep0,30,30,6,,0/6 (of 0 selected),,0,True,2.2916666666666665,6/6 (of 30 selected),0.33333333333333337,2,False,2.1022276334776335,3/6 (of 6 selected),0.5,30,False
grn_n6_e6_c3_a0_pos50_rep1,30,30,6,,0/6 (of 0 selected),,0,True,,0/6 (of 0 selected),,0,True,1.9256787720662398,2/6 (of 6 selected),0.3333333333333333,30,False
grn_n6_e6_c3_a0_pos50_rep1,30,30,6,1.770833333333333,6/6 (of 30 selected),0.33333333333333337,4,False,1.770833333333333,6/6 (of 30 selected),0.33333333333333337,4,False,1.970455924380157,2/6 (of 6 selected),0.3333333333333333,30,False
grn_n6_e6_c3_a0_pos50_rep1,30,30,6,,0/6 (of 0 selected),,0,True,,0/6 (of 0 selected),,0,True,1.982838444235503,2/6 (of 6 selected),0.3333333333333333,30,False
grn_n6_e6_c3_a0_pos50_rep2,28,28,5,,0/5 (of 0 selected),,0,True,,0/5 (of 0 selected),,0,True,1.6292923076923078,1/5 (of 5 selected),0.20000000000000004,28,False
grn_n6_e6_c3_a0_pos50_rep2,30,30,6,1.770833333333333,6/6 (of 30 selected),0.33333333333333337,4,False,2.416666666666666,2/6 (of 6 selected),0.3333333333333333,8,False,1.704971340388007,2/6 (of 6 selected),0.3333333333333333,30,False
grn_n6_e6_c3_a0_pos50_rep2,30,30,6,,0/6 (of 0 selected),,0,True,,0/6 (of 0 selected),,0,True,1.7978114478114477,3/6 (of 6 selected),0.5,30,False
grn_n6_e6_c3_a3_pos50_rep0,30,30,6,0.5,6/6 (of 30 selected),0.33333333333333337,2,False,,0/6 (of 0 selected),,0,True,2.101988745903219,2/6 (of 6 selected),0.3333333333333333,30,False
grn_n6_e6_c3_a3_pos50_rep0,30,30,6,,0/6 (of 0 selected),,0,True,,0/6 (of 0 selected),,0,True,2.3706928284134166,2/6 (of 6 selected),0.3333333333333333,30,False
grn_n6_e6_c3_a3_pos50_rep0,30,30,6,,0/6 (of 0 selected),,0,True,,0/6 (of 0 selected),,0,True,2.270144479703303,3/6 (of 6 selected),0.5,30,False
grn_n6_e6_c3_a3_pos50_rep1,30,30,6,2.2916666666666665,6/6 (of 30 selected),0.33333333333333337,2,False,1.770833333333333,6/6 (of 30 selected),0.33333333333333337,4,False,1.605979818828116,3/6 (of 6 selected),0.5,30,False
grn_n6_e6_c3_a3_pos50_rep1,30,30,6,,0/6 (of 0 selected),,0,True,0.5,6/6 (of 30 selected),0.33333333333333337,2,False,1.6769047945518534,3/6 (of 6 selected),0.5,30,False
grn_n6_e6_c3_a3_pos50_rep1,30,30,6,2.2916666666666665,6/6 (of 30 selected),0.33333333333333337,2,False,2.833333333333333,6/6 (of 30 selected),0.33333333333333337,4,False,1.4741630761745705,2/6 (of 6 selected),0.3333333333333333,30,False
grn_n6_e6_c3_a3_pos50_rep2,30,30,6,,0/6 (of 0 selected),,0,True,0.5,6/6 (of 30 selected),0.33333333333333337,2,False,1.2772373419303242,2/6 (of 6 selected),0.3333333333333333,30,False
grn_n6_e6_c3_a3_pos50_rep2,30,30,6,2.2916666666666665,6/6 (of 30 selected),0.33333333333333337,2,False,,0/6 (of 0 selected),,0,True,2.198235791985792,2/6 (of 6 selected),0.3333333333333333,30,False
grn_n6_e6_c3_a3_pos50_rep2,30,30,6,2.486111111111111,6/6 (of 30 selected),0.33333333333333337,4,False,2.2916666666666665,6/6 (of 30 selected),0.33333333333333337,2,False,2.637237748634807,2/6 (of 6 selected),0.3333333333333333,30,False
grn_n6_e6_c4_a0_pos50_rep0,30,30,6,,0/6 (of 0 selected),,0,True,,0/6 (of 0 selected),,0,True,3.023704304954305,3/6 (of 6 selected),0.5,30,False
grn_n6_e6_c4_a0_pos50_rep0,30,30,6,0.5,6/6 (of 30 selected),0.33333333333333337,4,False,0.9027777777777779,1/6 (of 6 selected),0.16666666666666666,6,False,1.8526639822595705,3/6 (of 6 selected),0.5,30,False
grn_n6_e6_c4_a0_pos50_rep0,30,30,6,,0/6 (of 0 selected),,0,True,,0/6 (of 0 selected),,0,True,2.4260762385762384,2/6 (of 6 selected),0.3333333333333333,30,False
grn_n6_e6_c4_a0_pos50_rep1,30,30,6,2.2916666666666665,6/6 (of 30 selected),0.33333333333333337,2,False,,0/6 (of 0 selected),,0,True,3.006403318903318,4/6 (of 6 selected),0.6666666666666666,30,False
grn_n6_e6_c4_a0_pos50_rep1,30,30,6,,0/6 (of 0 selected),,0,True,2.2916666666666665,6/6 (of 30 selected),0.33333333333333337,2,False,3.2905092592592586,4/6 (of 6 selected),0.6666666666666666,30,False
grn_n6_e6_c4_a0_pos50_rep1,30,30,6,,0/6 (of 0 selected),,0,True,,0/6 (of 0 selected),,0,True,3.396669453734671,4/6 (of 6 selected),0.6666666666666666,30,False
grn_n6_e6_c4_a0_pos50_rep2,30,30,6,,0/6 (of 0 selected),,0,True,,0/6 (of 0 selected),,0,True,2.4670062586014145,2/6 (of 6 selected),0.3333333333333333,30,False
grn_n6_e6_c4_a0_pos50_rep2,30,30,6,,0/6 (of 0 selected),,0,True,,0/6 (of 0 selected),,0,True,2.4489999928596418,2/6 (of 6 selected),0.3333333333333333,30,False
grn_n6_e6_c4_a0_pos50_rep2,30,30,6,,0/6 (of 0 selected),,0,True,,0/6 (of 0 selected),,0,True,2.460198735503517,2/6 (of 6 selected),0.3333333333333333,30,False
grn_n6_e6_c4_a3_pos50_rep0,30,30,6,,0/6 (of 0 selected),,0,True,,0/6 (of 0 selected),,0,True,3.328062369729036,3/6 (of 6 selected),0.5,30,False
grn_n6_e6_c4_a3_pos50_rep0,30,30,6,2.2916666666666665,6/6 (of 30 selected),0.33333333333333337,2,False,2.2916666666666665,6/6 (of 30 selected),0.33333333333333337,2,False,3.162480103017187,3/6 (of 6 selected),0.5,30,False
grn_n6_e6_c4_a3_pos50_rep0,30,30,6,2.2916666666666665,6/6 (of 30 selected),0.33333333333333337,2,False,2.2916666666666665,6/6 (of 30 selected),0.33333333333333337,2,False,3.8173701298701292,4/6 (of 6 selected),0.6666666666666666,30,False
grn_n6_e6_c4_a3_pos50_rep1,30,30,6,,0/6 (of 0 selected),,0,True,,0/6 (of 0 selected),,0,True,2.3418752300331245,3/6 (of 6 selected),0.5,30,False
grn_n6_e6_c4_a3_pos50_rep1,30,30,6,1.6666666666666667,6/6 (of 30 selected),0.33333333333333337,2,False,1.6666666666666667,6/6 (of 30 selected),0.33333333333333337,2,False,2.1751527793194456,3/6 (of 6 selected),0.5,30,False
grn_n6_e6_c4_a3_pos50_rep1,30,30,6,1.6666666666666667,6/6 (of 30 selected),0.33333333333333337,2,False,1.6666666666666667,6/6 (of 30 selected),0.33333333333333337,2,False,2.3653985816814758,2/6 (of 6 selected),0.3333333333333333,30,False
grn_n6_e6_c4_a3_pos50_rep2,30,30,6,,0/6 (of 0 selected),,0,True,,0/6 (of 0 selected),,0,True,2.093451988832423,2/6 (of 6 selected),0.3333333333333333,30,False
grn_n6_e6_c4_a3_pos50_rep2,30,30,6,,0/6 (of 0 selected),,0,True,,0/6 (of 0 selected),,0,True,2.5193001443001437,3/6 (of 6 selected),0.5,30,False
grn_n6_e6_c4_a3_pos50_rep2,30,30,6,,0/6 (of 0 selected),,0,True,,0/6 (of 0 selected),,0,True,2.5305986887508625,2/6 (of 6 selected),0.3333333333333333,30,False
