benchmark,variant,t1_1_mean_auprc_x,t1_10_mean_auprc_x,t1_1_n,t1_10_n,delta
network_sweep_e13,old,0.8357988165680474,1.5157790927021695,30,30,0.679980276134122
network_sweep_e13,new,0.8357988165680474,1.5157790927021695,30,30,0.679980276134122
network_sweep_e13,nogate,1.3780922045308424,1.1789796686903342,30,30,-0.19911253584050814
network_sweep_final_broader,old,1.6031877696612418,1.7289774572473535,148,148,0.12578968758611175
network_sweep_final_broader,new,1.6760242608858529,1.7084538731435734,148,148,0.032429612257720564
network_sweep_final_broader,nogate,2.3058585184894476,1.7105378220833172,148,148,-0.5953206964061304
mixed_network_sweep,old,1.4758358347109581,1.7000652626727353,144,144,0.22422942796177714
mixed_network_sweep,new,1.4573283495784555,1.6451729308480745,144,144,0.187844581269619
mixed_network_sweep,nogate,2.45357009133602,1.932397468694868,144,144,-0.5211726226411522
real_networks,old,1.2910077304321863,1.6103658703866748,65,65,0.3193581399544885
real_networks,new,1.3413123624871341,1.4841578690561328,65,65,0.14284550656899864
real_networks,nogate,2.0995816687539532,1.615004339722133,65,65,-0.48457732903182027
