dataset_id,n_pairs,n_true,w,twinscore_auprc_x,degenerate
n6_e13_pos100_rep1,30,13,0.0,1.3074809805579035,False
n6_e13_pos100_rep1,30,13,0.0,1.4277475483096784,False
n6_e13_pos100_rep1,30,13,0.0,1.06860003901424,False
n6_e13_pos100_rep1,30,13,0.0,1.4030929622645598,False
n6_e13_pos100_rep1,30,13,0.0,0.861442058927266,False
n6_e13_pos100_rep1,30,13,0.0,1.8986046005276775,False
n6_e13_pos100_rep1,30,13,0.0,1.2434126524363212,False
n6_e13_pos100_rep1,30,13,0.0,1.0230373669722783,False
n6_e13_pos100_rep1,30,13,0.0,0.8806694334736527,False
n6_e13_pos100_rep1,30,13,0.0,1.1301967263505723,False
n6_e13_pos100_rep2,30,13,0.0,0.83523700165712,False
n6_e13_pos100_rep2,30,13,0.0,0.9188349865125014,False
n6_e13_pos100_rep2,30,13,0.0,1.1672868551566775,False
n6_e13_pos100_rep2,30,13,0.0,1.2814012910166757,False
n6_e13_pos100_rep2,30,13,0.0,1.1725513145631485,False
n6_e13_pos100_rep2,30,13,0.0,1.2174711383291263,False
n6_e13_pos100_rep2,30,13,0.0,1.0086262356972415,False
n6_e13_pos100_rep2,30,13,0.0,1.1411235460791676,False
n6_e13_pos100_rep2,30,13,0.0,1.1007050149061979,False
n6_e13_pos100_rep2,30,13,0.0,0.8762679628064244,False
n6_e13_pos100_rep3,30,13,0.0,1.5296589505169387,False
n6_e13_pos100_rep3,30,13,0.0,1.1713327353120253,False
n6_e13_pos100_rep3,30,13,0.0,1.3606918229699292,False
n6_e13_pos100_rep3,30,13,0.0,1.36929576833423,False
n6_e13_pos100_rep3,30,13,0.0,0.8097021321873392,False
n6_e13_pos100_rep3,30,13,0.0,1.7712191654499347,False
n6_e13_pos100_rep3,30,13,0.0,0.8444026387813368,False
n6_e13_pos100_rep3,30,13,0.0,1.8331924485770639,False
n6_e13_pos100_rep3,30,13,0.0,0.9983566729128859,False
n6_e13_pos100_rep3,30,13,0.0,0.9789404382599648,False
