dataset_id,frac_strong,n_pairs,benchmark,twin_def,gene_set
grn_n6_e17_pos100_density_rep0,0.0,30,network_sweep_final,,
grn_n6_e17_pos100_density_rep0,0.0,30,network_sweep_final,,
grn_n6_e17_pos100_density_rep0,0.0,30,network_sweep_final,,
grn_n6_e17_pos100_density_rep0,0.0,30,network_sweep_final,,
grn_n6_e17_pos100_density_rep0,0.0,30,network_sweep_final,,
grn_n6_e17_pos100_density_rep0,0.0,30,network_sweep_final,,
grn_n6_e17_pos100_density_rep0,0.0,30,network_sweep_final,,
grn_n6_e17_pos100_density_rep0,0.0,30,network_sweep_final,,
grn_n6_e17_pos100_density_rep0,0.0,30,network_sweep_final,,
grn_n6_e17_pos100_density_rep0,0.0,30,network_sweep_final,,
grn_n6_e17_pos100_density_rep1,0.0,30,network_sweep_final,,
grn_n6_e17_pos100_density_rep1,0.0,30,network_sweep_final,,
grn_n6_e17_pos100_density_rep1,0.0,30,network_sweep_final,,
grn_n6_e17_pos100_density_rep1,0.0,30,network_sweep_final,,
grn_n6_e17_pos100_density_rep1,0.0,30,network_sweep_final,,
grn_n6_e17_pos100_density_rep1,0.0,30,network_sweep_final,,
grn_n6_e17_pos100_density_rep1,0.0,30,network_sweep_final,,
grn_n6_e17_pos100_density_rep1,0.0,30,network_sweep_final,,
grn_n6_e17_pos100_density_rep1,0.0,30,network_sweep_final,,
grn_n6_e17_pos100_density_rep1,0.0,30,network_sweep_final,,
grn_n6_e17_pos100_density_rep2,0.0,30,network_sweep_final,,
grn_n6_e17_pos100_density_rep2,0.0,30,network_sweep_final,,
grn_n6_e17_pos100_density_rep2,0.06666666666666667,30,network_sweep_final,,
grn_n6_e17_pos100_density_rep2,0.0,30,network_sweep_final,,
grn_n6_e17_pos100_density_rep2,0.03333333333333333,30,network_sweep_final,,
grn_n6_e17_pos100_density_rep2,0.03333333333333333,30,network_sweep_final,,
grn_n6_e17_pos100_density_rep2,0.03333333333333333,30,network_sweep_final,,
grn_n6_e17_pos100_density_rep2,0.0,30,network_sweep_final,,
grn_n6_e5_pos100_density_rep0,0.16666666666666666,30,network_sweep_final,,
grn_n6_e5_pos100_density_rep0,0.2,30,network_sweep_final,,
grn_n6_e5_pos100_density_rep0,0.1,30,network_sweep_final,,
grn_n6_e5_pos100_density_rep0,0.13333333333333333,30,network_sweep_final,,
grn_n6_e5_pos100_density_rep0,0.1,30,network_sweep_final,,
grn_n6_e5_pos100_density_rep0,0.13333333333333333,30,network_sweep_final,,
grn_n6_e5_pos100_density_rep0,0.1,30,network_sweep_final,,
grn_n6_e5_pos100_density_rep0,0.1,30,network_sweep_final,,
grn_n6_e5_pos100_density_rep0,0.13333333333333333,30,network_sweep_final,,
grn_n6_e5_pos100_density_rep0,0.13333333333333333,30,network_sweep_final,,
grn_n6_e5_pos100_density_rep1,0.16666666666666666,30,network_sweep_final,,
grn_n6_e5_pos100_density_rep1,0.13333333333333333,30,network_sweep_final,,
grn_n6_e5_pos100_density_rep1,0.13333333333333333,30,network_sweep_final,,
grn_n6_e5_pos100_density_rep1,0.16666666666666666,30,network_sweep_final,,
grn_n6_e5_pos100_density_rep1,0.16666666666666666,30,network_sweep_final,,
grn_n6_e5_pos100_density_rep1,0.16666666666666666,30,network_sweep_final,,
grn_n6_e5_pos100_density_rep1,0.1,30,network_sweep_final,,
grn_n6_e5_pos100_density_rep1,0.16666666666666666,30,network_sweep_final,,
grn_n6_e5_pos100_density_rep1,0.13333333333333333,30,network_sweep_final,,
grn_n6_e5_pos100_density_rep1,0.16666666666666666,30,network_sweep_final,,
grn_n6_e5_pos100_density_rep2,0.16666666666666666,30,network_sweep_final,,
grn_n6_e5_pos100_density_rep2,0.13333333333333333,30,network_sweep_final,,
grn_n6_e5_pos100_density_rep2,0.16666666666666666,30,network_sweep_final,,
grn_n6_e5_pos100_density_rep2,0.16666666666666666,30,network_sweep_final,,
grn_n6_e5_pos100_density_rep2,0.16666666666666666,30,network_sweep_final,,
grn_n6_e5_pos100_density_rep2,0.16666666666666666,30,network_sweep_final,,
grn_n6_e5_pos100_density_rep2,0.16666666666666666,30,network_sweep_final,,
grn_n6_e5_pos100_density_rep2,0.13333333333333333,30,network_sweep_final,,
grn_n6_e5_pos100_density_rep2,0.16666666666666666,30,network_sweep_final,,
grn_n6_e5_pos100_density_rep2,0.2,30,network_sweep_final,,
grn_n6_e9_pos0_sign_ratio_rep0,0.4,30,network_sweep_final,,
grn_n6_e9_pos0_sign_ratio_rep0,0.43333333333333335,30,network_sweep_final,,
grn_n6_e9_pos0_sign_ratio_rep0,0.4666666666666667,30,network_sweep_final,,
grn_n6_e9_pos0_sign_ratio_rep0,0.43333333333333335,30,network_sweep_final,,
grn_n6_e9_pos0_sign_ratio_rep0,0.4,30,network_sweep_final,,
grn_n6_e9_pos0_sign_ratio_rep0,0.5,30,network_sweep_final,,
grn_n6_e9_pos0_sign_ratio_rep0,0.43333333333333335,30,network_sweep_final,,
grn_n6_e9_pos0_sign_ratio_rep0,0.4,30,network_sweep_final,,
grn_n6_e9_pos0_sign_ratio_rep0,0.36666666666666664,30,network_sweep_final,,
grn_n6_e9_pos0_sign_ratio_rep0,0.4666666666666667,30,network_sweep_final,,
grn_n6_e9_pos0_sign_ratio_rep1,0.03333333333333333,30,network_sweep_final,,
grn_n6_e9_pos0_sign_ratio_rep1,0.03333333333333333,30,network_sweep_final,,
grn_n6_e9_pos0_sign_ratio_rep1,0.03333333333333333,30,network_sweep_final,,
grn_n6_e9_pos0_sign_ratio_rep1,0.03333333333333333,30,network_sweep_final,,
grn_n6_e9_pos0_sign_ratio_rep1,0.03571428571428571,28,network_sweep_final,,
grn_n6_e9_pos0_sign_ratio_rep1,0.03333333333333333,30,network_sweep_final,,
grn_n6_e9_pos0_sign_ratio_rep1,0.03333333333333333,30,network_sweep_final,,
grn_n6_e9_pos0_sign_ratio_rep1,0.06666666666666667,30,network_sweep_final,,
grn_n6_e9_pos0_sign_ratio_rep1,0.03333333333333333,30,network_sweep_final,,
grn_n6_e9_pos0_sign_ratio_rep1,0.03333333333333333,30,network_sweep_final,,
grn_n6_e9_pos0_sign_ratio_rep2,0.3333333333333333,30,network_sweep_final,,
grn_n6_e9_pos0_sign_ratio_rep2,0.36666666666666664,30,network_sweep_final,,
grn_n6_e9_pos0_sign_ratio_rep2,0.3,30,network_sweep_final,,
grn_n6_e9_pos0_sign_ratio_rep2,0.3333333333333333,30,network_sweep_final,,
grn_n6_e9_pos0_sign_ratio_rep2,0.36666666666666664,30,network_sweep_final,,
grn_n6_e9_pos0_sign_ratio_rep2,0.43333333333333335,30,network_sweep_final,,
grn_n6_e9_pos0_sign_ratio_rep2,0.3,30,network_sweep_final,,
grn_n6_e9_pos0_sign_ratio_rep2,0.4,30,network_sweep_final,,
grn_n6_e9_pos0_sign_ratio_rep2,0.3,30,network_sweep_final,,
grn_n6_e9_pos0_sign_ratio_rep2,0.36666666666666664,30,network_sweep_final,,
grn_n6_e9_pos100_center_rep0,0.03333333333333333,30,network_sweep_final,,
grn_n6_e9_pos100_center_rep0,0.06666666666666667,30,network_sweep_final,,
grn_n6_e9_pos100_center_rep0,0.0,30,network_sweep_final,,
grn_n6_e9_pos100_center_rep0,0.0,30,network_sweep_final,,
grn_n6_e9_pos100_center_rep0,0.0,30,network_sweep_final,,
grn_n6_e9_pos100_center_rep0,0.06666666666666667,30,network_sweep_final,,
grn_n6_e9_pos100_center_rep0,0.03333333333333333,30,network_sweep_final,,
grn_n6_e9_pos100_center_rep0,0.03333333333333333,30,network_sweep_final,,
grn_n6_e9_pos100_center_rep0,0.03333333333333333,30,network_sweep_final,,
grn_n6_e9_pos100_center_rep0,0.0,30,network_sweep_final,,
grn_n6_e9_pos100_center_rep1,0.06666666666666667,30,network_sweep_final,,
grn_n6_e9_pos100_center_rep1,0.16666666666666666,30,network_sweep_final,,
grn_n6_e9_pos100_center_rep1,0.13333333333333333,30,network_sweep_final,,
grn_n6_e9_pos100_center_rep1,0.1,30,network_sweep_final,,
grn_n6_e9_pos100_center_rep1,0.1,30,network_sweep_final,,
grn_n6_e9_pos100_center_rep1,0.16666666666666666,30,network_sweep_final,,
grn_n6_e9_pos100_center_rep1,0.16666666666666666,30,network_sweep_final,,
grn_n6_e9_pos100_center_rep1,0.1,30,network_sweep_final,,
grn_n6_e9_pos100_center_rep1,0.16666666666666666,30,network_sweep_final,,
grn_n6_e9_pos100_center_rep1,0.13333333333333333,30,network_sweep_final,,
grn_n6_e9_pos100_center_rep2,0.1,30,network_sweep_final,,
grn_n6_e9_pos100_center_rep2,0.06666666666666667,30,network_sweep_final,,
grn_n6_e9_pos100_center_rep2,0.13333333333333333,30,network_sweep_final,,
grn_n6_e9_pos100_center_rep2,0.2,30,network_sweep_final,,
grn_n6_e9_pos100_center_rep2,0.06666666666666667,30,network_sweep_final,,
grn_n6_e9_pos100_center_rep2,0.1,30,network_sweep_final,,
grn_n6_e9_pos100_center_rep2,0.2,30,network_sweep_final,,
grn_n6_e9_pos100_center_rep2,0.03333333333333333,30,network_sweep_final,,
grn_n6_e9_pos100_center_rep2,0.03333333333333333,30,network_sweep_final,,
grn_n6_e9_pos100_center_rep2,0.06666666666666667,30,network_sweep_final,,
grn_n6_e9_pos50_sign_ratio_rep0,0.26666666666666666,30,network_sweep_final,,
grn_n6_e9_pos50_sign_ratio_rep0,0.26666666666666666,30,network_sweep_final,,
grn_n6_e9_pos50_sign_ratio_rep0,0.26666666666666666,30,network_sweep_final,,
grn_n6_e9_pos50_sign_ratio_rep0,0.23333333333333334,30,network_sweep_final,,
grn_n6_e9_pos50_sign_ratio_rep0,0.26666666666666666,30,network_sweep_final,,
grn_n6_e9_pos50_sign_ratio_rep0,0.2,30,network_sweep_final,,
grn_n6_e9_pos50_sign_ratio_rep0,0.23333333333333334,30,network_sweep_final,,
grn_n6_e9_pos50_sign_ratio_rep0,0.3,30,network_sweep_final,,
grn_n6_e9_pos50_sign_ratio_rep0,0.26666666666666666,30,network_sweep_final,,
grn_n6_e9_pos50_sign_ratio_rep0,0.23333333333333334,30,network_sweep_final,,
grn_n6_e9_pos50_sign_ratio_rep1,0.06666666666666667,30,network_sweep_final,,
grn_n6_e9_pos50_sign_ratio_rep1,0.1,30,network_sweep_final,,
grn_n6_e9_pos50_sign_ratio_rep1,0.16666666666666666,30,network_sweep_final,,
grn_n6_e9_pos50_sign_ratio_rep1,0.03333333333333333,30,network_sweep_final,,
grn_n6_e9_pos50_sign_ratio_rep1,0.13333333333333333,30,network_sweep_final,,
grn_n6_e9_pos50_sign_ratio_rep1,0.1,30,network_sweep_final,,
grn_n6_e9_pos50_sign_ratio_rep1,0.1,30,network_sweep_final,,
grn_n6_e9_pos50_sign_ratio_rep1,0.06666666666666667,30,network_sweep_final,,
grn_n6_e9_pos50_sign_ratio_rep1,0.13333333333333333,30,network_sweep_final,,
grn_n6_e9_pos50_sign_ratio_rep1,0.13333333333333333,30,network_sweep_final,,
grn_n6_e9_pos50_sign_ratio_rep2,0.13333333333333333,30,network_sweep_final,,
grn_n6_e9_pos50_sign_ratio_rep2,0.2,30,network_sweep_final,,
grn_n6_e9_pos50_sign_ratio_rep2,0.13333333333333333,30,network_sweep_final,,
grn_n6_e9_pos50_sign_ratio_rep2,0.2,30,network_sweep_final,,
grn_n6_e9_pos50_sign_ratio_rep2,0.16666666666666666,30,network_sweep_final,,
grn_n6_e9_pos50_sign_ratio_rep2,0.16666666666666666,30,network_sweep_final,,
grn_n6_e9_pos50_sign_ratio_rep2,0.2,30,network_sweep_final,,
grn_n6_e9_pos50_sign_ratio_rep2,0.16666666666666666,30,network_sweep_final,,
grn_n6_e9_pos50_sign_ratio_rep2,0.2,30,network_sweep_final,,
grn_n6_e9_pos50_sign_ratio_rep2,0.23333333333333334,30,network_sweep_final,,
n6_e13_pos100_rep1,0.0,30,network_sweep_e13,,
n6_e13_pos100_rep1,0.0,30,network_sweep_e13,,
n6_e13_pos100_rep1,0.03333333333333333,30,network_sweep_e13,,
n6_e13_pos100_rep1,0.0,30,network_sweep_e13,,
n6_e13_pos100_rep1,0.0,30,network_sweep_e13,,
n6_e13_pos100_rep1,0.0,30,network_sweep_e13,,
n6_e13_pos100_rep1,0.0,30,network_sweep_e13,,
n6_e13_pos100_rep1,0.0,30,network_sweep_e13,,
n6_e13_pos100_rep1,0.03333333333333333,30,network_sweep_e13,,
n6_e13_pos100_rep1,0.0,30,network_sweep_e13,,
n6_e13_pos100_rep2,0.0,30,network_sweep_e13,,
n6_e13_pos100_rep2,0.0,30,network_sweep_e13,,
n6_e13_pos100_rep2,0.0,30,network_sweep_e13,,
n6_e13_pos100_rep2,0.0,30,network_sweep_e13,,
n6_e13_pos100_rep2,0.0,30,network_sweep_e13,,
n6_e13_pos100_rep2,0.0,30,network_sweep_e13,,
n6_e13_pos100_rep2,0.0,30,network_sweep_e13,,
n6_e13_pos100_rep2,0.0,30,network_sweep_e13,,
n6_e13_pos100_rep2,0.0,30,network_sweep_e13,,
n6_e13_pos100_rep2,0.0,30,network_sweep_e13,,
n6_e13_pos100_rep3,0.0,30,network_sweep_e13,,
n6_e13_pos100_rep3,0.0,30,network_sweep_e13,,
n6_e13_pos100_rep3,0.0,30,network_sweep_e13,,
n6_e13_pos100_rep3,0.03333333333333333,30,network_sweep_e13,,
n6_e13_pos100_rep3,0.0,30,network_sweep_e13,,
n6_e13_pos100_rep3,0.03333333333333333,30,network_sweep_e13,,
n6_e13_pos100_rep3,0.0,30,network_sweep_e13,,
n6_e13_pos100_rep3,0.0,30,network_sweep_e13,,
n6_e13_pos100_rep3,0.0,30,network_sweep_e13,,
n6_e13_pos100_rep3,0.0,30,network_sweep_e13,,
grn_n10_e10_c5_a0_pos50_rep0,0.6888888888888889,90,mixed_network_sweep,,
grn_n10_e10_c5_a0_pos50_rep0,0.7111111111111111,90,mixed_network_sweep,,
grn_n10_e10_c5_a0_pos50_rep0,0.7666666666666667,90,mixed_network_sweep,,
grn_n10_e10_c5_a0_pos50_rep1,0.5,90,mixed_network_sweep,,
grn_n10_e10_c5_a0_pos50_rep1,0.43333333333333335,90,mixed_network_sweep,,
grn_n10_e10_c5_a0_pos50_rep1,0.5444444444444444,90,mixed_network_sweep,,
grn_n10_e10_c5_a0_pos50_rep2,0.7444444444444445,90,mixed_network_sweep,,
grn_n10_e10_c5_a0_pos50_rep2,0.7888888888888889,90,mixed_network_sweep,,
grn_n10_e10_c5_a0_pos50_rep2,0.7888888888888889,90,mixed_network_sweep,,
grn_n10_e10_c5_a5_pos50_rep0,0.28888888888888886,90,mixed_network_sweep,,
grn_n10_e10_c5_a5_pos50_rep0,0.3,90,mixed_network_sweep,,
grn_n10_e10_c5_a5_pos50_rep0,0.26666666666666666,90,mixed_network_sweep,,
grn_n10_e10_c5_a5_pos50_rep1,0.022222222222222223,90,mixed_network_sweep,,
grn_n10_e10_c5_a5_pos50_rep1,0.044444444444444446,90,mixed_network_sweep,,
grn_n10_e10_c5_a5_pos50_rep1,0.03333333333333333,90,mixed_network_sweep,,
grn_n10_e10_c5_a5_pos50_rep2,0.05555555555555555,90,mixed_network_sweep,,
grn_n10_e10_c5_a5_pos50_rep2,0.044444444444444446,90,mixed_network_sweep,,
grn_n10_e10_c5_a5_pos50_rep2,0.05555555555555555,90,mixed_network_sweep,,
grn_n10_e10_c8_a0_pos50_rep0,0.4777777777777778,90,mixed_network_sweep,,
grn_n10_e10_c8_a0_pos50_rep0,0.37777777777777777,90,mixed_network_sweep,,
grn_n10_e10_c8_a0_pos50_rep0,0.3888888888888889,90,mixed_network_sweep,,
grn_n10_e10_c8_a0_pos50_rep1,0.7222222222222222,90,mixed_network_sweep,,
grn_n10_e10_c8_a0_pos50_rep1,0.7,90,mixed_network_sweep,,
grn_n10_e10_c8_a0_pos50_rep1,0.7222222222222222,90,mixed_network_sweep,,
grn_n10_e10_c8_a0_pos50_rep2,0.13333333333333333,90,mixed_network_sweep,,
grn_n10_e10_c8_a0_pos50_rep2,0.2,90,mixed_network_sweep,,
grn_n10_e10_c8_a0_pos50_rep2,0.18888888888888888,90,mixed_network_sweep,,
grn_n10_e10_c8_a5_pos50_rep0,0.2111111111111111,90,mixed_network_sweep,,
grn_n10_e10_c8_a5_pos50_rep0,0.2111111111111111,90,mixed_network_sweep,,
grn_n10_e10_c8_a5_pos50_rep0,0.2222222222222222,90,mixed_network_sweep,,
grn_n10_e10_c8_a5_pos50_rep1,0.08888888888888889,90,mixed_network_sweep,,
grn_n10_e10_c8_a5_pos50_rep1,0.08888888888888889,90,mixed_network_sweep,,
grn_n10_e10_c8_a5_pos50_rep1,0.05555555555555555,90,mixed_network_sweep,,
grn_n10_e10_c8_a5_pos50_rep2,0.3888888888888889,90,mixed_network_sweep,,
grn_n10_e10_c8_a5_pos50_rep2,0.4777777777777778,90,mixed_network_sweep,,
grn_n10_e10_c8_a5_pos50_rep2,0.37777777777777777,90,mixed_network_sweep,,
grn_n10_e20_c5_a0_pos50_rep0,0.03333333333333333,90,mixed_network_sweep,,
grn_n10_e20_c5_a0_pos50_rep0,0.022222222222222223,90,mixed_network_sweep,,
grn_n10_e20_c5_a0_pos50_rep0,0.011111111111111112,90,mixed_network_sweep,,
grn_n10_e20_c5_a0_pos50_rep1,0.23333333333333334,90,mixed_network_sweep,,
grn_n10_e20_c5_a0_pos50_rep1,0.2222222222222222,90,mixed_network_sweep,,
grn_n10_e20_c5_a0_pos50_rep1,0.2111111111111111,90,mixed_network_sweep,,
grn_n10_e20_c5_a0_pos50_rep2,0.6444444444444445,90,mixed_network_sweep,,
grn_n10_e20_c5_a0_pos50_rep2,0.6777777777777778,90,mixed_network_sweep,,
grn_n10_e20_c5_a0_pos50_rep2,0.6777777777777778,90,mixed_network_sweep,,
grn_n10_e20_c5_a5_pos50_rep0,0.5333333333333333,90,mixed_network_sweep,,
grn_n10_e20_c5_a5_pos50_rep0,0.4777777777777778,90,mixed_network_sweep,,
grn_n10_e20_c5_a5_pos50_rep0,0.5333333333333333,90,mixed_network_sweep,,
grn_n10_e20_c5_a5_pos50_rep1,0.37777777777777777,90,mixed_network_sweep,,
grn_n10_e20_c5_a5_pos50_rep1,0.36666666666666664,90,mixed_network_sweep,,
grn_n10_e20_c5_a5_pos50_rep1,0.35555555555555557,90,mixed_network_sweep,,
grn_n10_e20_c5_a5_pos50_rep2,0.15555555555555556,90,mixed_network_sweep,,
grn_n10_e20_c5_a5_pos50_rep2,0.18888888888888888,90,mixed_network_sweep,,
grn_n10_e20_c5_a5_pos50_rep2,0.12222222222222222,90,mixed_network_sweep,,
grn_n10_e20_c8_a0_pos50_rep0,0.32222222222222224,90,mixed_network_sweep,,
grn_n10_e20_c8_a0_pos50_rep0,0.3,90,mixed_network_sweep,,
grn_n10_e20_c8_a0_pos50_rep0,0.28888888888888886,90,mixed_network_sweep,,
grn_n10_e20_c8_a0_pos50_rep1,0.2222222222222222,90,mixed_network_sweep,,
grn_n10_e20_c8_a0_pos50_rep1,0.23333333333333334,90,mixed_network_sweep,,
grn_n10_e20_c8_a0_pos50_rep1,0.2111111111111111,90,mixed_network_sweep,,
grn_n10_e20_c8_a0_pos50_rep2,0.08641975308641975,81,mixed_network_sweep,,
grn_n10_e20_c8_a0_pos50_rep2,0.1111111111111111,90,mixed_network_sweep,,
grn_n10_e20_c8_a0_pos50_rep2,0.07777777777777778,90,mixed_network_sweep,,
grn_n10_e20_c8_a5_pos50_rep0,0.07777777777777778,90,mixed_network_sweep,,
grn_n10_e20_c8_a5_pos50_rep0,0.07777777777777778,90,mixed_network_sweep,,
grn_n10_e20_c8_a5_pos50_rep0,0.05555555555555555,90,mixed_network_sweep,,
grn_n10_e20_c8_a5_pos50_rep1,0.013888888888888888,72,mixed_network_sweep,,
grn_n10_e20_c8_a5_pos50_rep1,0.022222222222222223,90,mixed_network_sweep,,
grn_n10_e20_c8_a5_pos50_rep1,0.013888888888888888,72,mixed_network_sweep,,
grn_n10_e20_c8_a5_pos50_rep2,0.4666666666666667,90,mixed_network_sweep,,
grn_n10_e20_c8_a5_pos50_rep2,0.43333333333333335,90,mixed_network_sweep,,
grn_n10_e20_c8_a5_pos50_rep2,0.4888888888888889,90,mixed_network_sweep,,
grn_n6_e12_c3_a0_pos50_rep0,0.7,30,mixed_network_sweep,,
grn_n6_e12_c3_a0_pos50_rep0,0.7,30,mixed_network_sweep,,
grn_n6_e12_c3_a0_pos50_rep0,0.7333333333333333,30,mixed_network_sweep,,
grn_n6_e12_c3_a0_pos50_rep1,1.0,30,mixed_network_sweep,,
grn_n6_e12_c3_a0_pos50_rep1,1.0,28,mixed_network_sweep,,
grn_n6_e12_c3_a0_pos50_rep1,1.0,28,mixed_network_sweep,,
grn_n6_e12_c3_a0_pos50_rep2,0.23333333333333334,30,mixed_network_sweep,,
grn_n6_e12_c3_a0_pos50_rep2,0.23333333333333334,30,mixed_network_sweep,,
grn_n6_e12_c3_a0_pos50_rep2,0.3,30,mixed_network_sweep,,
grn_n6_e12_c3_a3_pos50_rep0,0.05,20,mixed_network_sweep,,
grn_n6_e12_c3_a3_pos50_rep0,0.0,20,mixed_network_sweep,,
grn_n6_e12_c3_a3_pos50_rep0,0.05,20,mixed_network_sweep,,
grn_n6_e12_c3_a3_pos50_rep1,0.6666666666666666,30,mixed_network_sweep,,
grn_n6_e12_c3_a3_pos50_rep1,0.6,30,mixed_network_sweep,,
grn_n6_e12_c3_a3_pos50_rep1,0.6666666666666666,30,mixed_network_sweep,,
grn_n6_e12_c3_a3_pos50_rep2,0.9,30,mixed_network_sweep,,
grn_n6_e12_c3_a3_pos50_rep2,0.9,30,mixed_network_sweep,,
grn_n6_e12_c3_a3_pos50_rep2,0.8666666666666667,30,mixed_network_sweep,,
grn_n6_e12_c4_a0_pos50_rep0,0.43333333333333335,30,mixed_network_sweep,,
grn_n6_e12_c4_a0_pos50_rep0,0.4666666666666667,30,mixed_network_sweep,,
grn_n6_e12_c4_a0_pos50_rep0,0.43333333333333335,30,mixed_network_sweep,,
grn_n6_e12_c4_a0_pos50_rep1,0.4666666666666667,30,mixed_network_sweep,,
grn_n6_e12_c4_a0_pos50_rep1,0.3333333333333333,30,mixed_network_sweep,,
grn_n6_e12_c4_a0_pos50_rep1,0.4666666666666667,30,mixed_network_sweep,,
grn_n6_e12_c4_a0_pos50_rep2,0.5333333333333333,30,mixed_network_sweep,,
grn_n6_e12_c4_a0_pos50_rep2,0.4666666666666667,30,mixed_network_sweep,,
grn_n6_e12_c4_a0_pos50_rep2,0.5,30,mixed_network_sweep,,
grn_n6_e12_c4_a3_pos50_rep0,0.2,30,mixed_network_sweep,,
grn_n6_e12_c4_a3_pos50_rep0,0.2,30,mixed_network_sweep,,
grn_n6_e12_c4_a3_pos50_rep0,0.13333333333333333,30,mixed_network_sweep,,
grn_n6_e12_c4_a3_pos50_rep1,0.6333333333333333,30,mixed_network_sweep,,
grn_n6_e12_c4_a3_pos50_rep1,0.5666666666666667,30,mixed_network_sweep,,
grn_n6_e12_c4_a3_pos50_rep1,0.6,30,mixed_network_sweep,,
grn_n6_e12_c4_a3_pos50_rep2,0.7333333333333333,30,mixed_network_sweep,,
grn_n6_e12_c4_a3_pos50_rep2,0.8333333333333334,30,mixed_network_sweep,,
grn_n6_e12_c4_a3_pos50_rep2,0.8666666666666667,30,mixed_network_sweep,,
grn_n6_e6_c3_a0_pos50_rep0,0.3,30,mixed_network_sweep,,
grn_n6_e6_c3_a0_pos50_rep0,0.4,30,mixed_network_sweep,,
grn_n6_e6_c3_a0_pos50_rep0,0.36666666666666664,30,mixed_network_sweep,,
grn_n6_e6_c3_a0_pos50_rep1,1.0,30,mixed_network_sweep,,
grn_n6_e6_c3_a0_pos50_rep1,1.0,30,mixed_network_sweep,,
grn_n6_e6_c3_a0_pos50_rep1,1.0,30,mixed_network_sweep,,
grn_n6_e6_c3_a0_pos50_rep2,0.5357142857142857,28,mixed_network_sweep,,
grn_n6_e6_c3_a0_pos50_rep2,0.4,30,mixed_network_sweep,,
grn_n6_e6_c3_a0_pos50_rep2,0.3333333333333333,30,mixed_network_sweep,,
grn_n6_e6_c3_a3_pos50_rep0,0.6,30,mixed_network_sweep,,
grn_n6_e6_c3_a3_pos50_rep0,0.6666666666666666,30,mixed_network_sweep,,
grn_n6_e6_c3_a3_pos50_rep0,0.5666666666666667,30,mixed_network_sweep,,
grn_n6_e6_c3_a3_pos50_rep1,0.2,30,mixed_network_sweep,,
grn_n6_e6_c3_a3_pos50_rep1,0.26666666666666666,30,mixed_network_sweep,,
grn_n6_e6_c3_a3_pos50_rep1,0.26666666666666666,30,mixed_network_sweep,,
grn_n6_e6_c3_a3_pos50_rep2,0.06666666666666667,30,mixed_network_sweep,,
grn_n6_e6_c3_a3_pos50_rep2,0.16666666666666666,30,mixed_network_sweep,,
grn_n6_e6_c3_a3_pos50_rep2,0.1,30,mixed_network_sweep,,
grn_n6_e6_c4_a0_pos50_rep0,0.5666666666666667,30,mixed_network_sweep,,
grn_n6_e6_c4_a0_pos50_rep0,0.6333333333333333,30,mixed_network_sweep,,
grn_n6_e6_c4_a0_pos50_rep0,0.5666666666666667,30,mixed_network_sweep,,
grn_n6_e6_c4_a0_pos50_rep1,0.26666666666666666,30,mixed_network_sweep,,
grn_n6_e6_c4_a0_pos50_rep1,0.13333333333333333,30,mixed_network_sweep,,
grn_n6_e6_c4_a0_pos50_rep1,0.2,30,mixed_network_sweep,,
grn_n6_e6_c4_a0_pos50_rep2,0.9666666666666667,30,mixed_network_sweep,,
grn_n6_e6_c4_a0_pos50_rep2,0.9333333333333333,30,mixed_network_sweep,,
grn_n6_e6_c4_a0_pos50_rep2,0.9666666666666667,30,mixed_network_sweep,,
grn_n6_e6_c4_a3_pos50_rep0,0.03333333333333333,30,mixed_network_sweep,,
grn_n6_e6_c4_a3_pos50_rep0,0.13333333333333333,30,mixed_network_sweep,,
grn_n6_e6_c4_a3_pos50_rep0,0.03333333333333333,30,mixed_network_sweep,,
grn_n6_e6_c4_a3_pos50_rep1,0.4,30,mixed_network_sweep,,
grn_n6_e6_c4_a3_pos50_rep1,0.4,30,mixed_network_sweep,,
grn_n6_e6_c4_a3_pos50_rep1,0.43333333333333335,30,mixed_network_sweep,,
grn_n6_e6_c4_a3_pos50_rep2,0.1,30,mixed_network_sweep,,
grn_n6_e6_c4_a3_pos50_rep2,0.2,30,mixed_network_sweep,,
grn_n6_e6_c4_a3_pos50_rep2,0.13333333333333333,30,mixed_network_sweep,,
B_cell_activation_rep_0_08a5aeab_all_results.json,0.022222222222222223,90,real_networks,,
B_cell_activation_rep_1_b7d605e0_all_results.json,0.03333333333333333,90,real_networks,,
B_cell_activation_rep_2_7dc404ae_all_results.json,0.022222222222222223,90,real_networks,,
B_cell_activation_rep_3_f388a313_all_results.json,0.05555555555555555,90,real_networks,,
B_cell_activation_rep_4_107eb830_all_results.json,0.03333333333333333,90,real_networks,,
B_cell_activation_rep_5_2f069314_all_results.json,0.022222222222222223,90,real_networks,,
B_cell_activation_rep_6_548798c1_all_results.json,0.022222222222222223,90,real_networks,,
B_cell_activation_rep_7_3bef5b38_all_results.json,0.022222222222222223,90,real_networks,,
B_cell_activation_rep_8_d8e103cd_all_results.json,0.022222222222222223,90,real_networks,,
B_cell_activation_rep_9_14201498_all_results.json,0.022222222222222223,90,real_networks,,
Circadian_cycle_rep_0_3de670e6_all_results.json,0.75,12,real_networks,,
Circadian_cycle_rep_1_792e8985_all_results.json,0.9166666666666666,12,real_networks,,
Circadian_cycle_rep_2_e36e6f78_all_results.json,0.75,12,real_networks,,
Circadian_cycle_rep_3_fdadc8e7_all_results.json,0.9166666666666666,12,real_networks,,
Circadian_cycle_rep_4_dfa5ed1d_all_results.json,0.75,12,real_networks,,
Circadian_cycle_rep_5_08537e0b_all_results.json,0.6666666666666666,12,real_networks,,
Circadian_cycle_rep_6_9c74503b_all_results.json,0.6666666666666666,12,real_networks,,
Circadian_cycle_rep_7_97db3f90_all_results.json,0.75,12,real_networks,,
Circadian_cycle_rep_8_dc18ce50_all_results.json,0.75,12,real_networks,,
Circadian_cycle_rep_9_e4692cb8_all_results.json,0.8333333333333334,12,real_networks,,
GSD_rep_0_0_117c4801_all_results.json,0.08771929824561403,342,real_networks,,
GSD_rep_0_0_44b48bf3_all_results.json,0.08771929824561403,342,real_networks,,
GSD_rep_0_0_7dd89a71_all_results.json,0.08771929824561403,342,real_networks,,
GSD_rep_0_1_68d8d2fd_all_results.json,0.08771929824561403,342,real_networks,,
GSD_rep_0_1_6e30e930_all_results.json,0.06725146198830409,342,real_networks,,
GSD_rep_0_1_a968dd05_all_results.json,0.0847953216374269,342,real_networks,,
GSD_rep_0_2_580915b8_all_results.json,0.09941520467836257,342,real_networks,,
GSD_rep_0_2_774c5c47_all_results.json,0.09064327485380116,342,real_networks,,
GSD_rep_0_2_f7301f6f_all_results.json,0.08771929824561403,342,real_networks,,
HSC_rep_0_0_6bff4482_all_results.json,0.05555555555555555,72,real_networks,,
HSC_rep_0_0_6ed5218f_all_results.json,0.05555555555555555,72,real_networks,,
HSC_rep_0_1_6969c104_all_results.json,0.06944444444444445,72,real_networks,,
HSC_rep_0_1_d38e9655_all_results.json,0.05555555555555555,72,real_networks,,
HSC_rep_0_2_aa294c10_all_results.json,0.06944444444444445,72,real_networks,,
HSC_rep_0_2_d7e88bea_all_results.json,0.06944444444444445,72,real_networks,,
HSC_rep_0_3_0645bb82_all_results.json,0.05555555555555555,72,real_networks,,
HSC_rep_0_3_09551c76_all_results.json,0.05555555555555555,72,real_networks,,
HSC_rep_0_4_4823f38c_all_results.json,0.06944444444444445,72,real_networks,,
HSC_rep_0_4_6e31f8bb_all_results.json,0.06944444444444445,72,real_networks,,
Pluripotent_rep_0_eb8c3e1d_all_results.json,0.0058823529411764705,1190,real_networks,,
Pluripotent_rep_1_4de1b9b1_all_results.json,0.005042016806722689,1190,real_networks,,
Pluripotent_rep_2_df2be381_all_results.json,0.010084033613445379,1190,real_networks,,
Pluripotent_rep_3_2bb2df02_all_results.json,0.0016835016835016834,1188,real_networks,,
Pluripotent_rep_4_8302ee00_all_results.json,0.007563025210084034,1190,real_networks,,
Pluripotent_rep_5_5a81e786_all_results.json,0.0058823529411764705,1190,real_networks,,
VSC_rep_2_0_2befd3f9_all_results.json,0.8928571428571429,56,real_networks,,
VSC_rep_2_0_db467b5d_all_results.json,0.875,56,real_networks,,
VSC_rep_2_1_c867f15c_all_results.json,0.8928571428571429,56,real_networks,,
VSC_rep_2_1_fcb5875c_all_results.json,0.8392857142857143,56,real_networks,,
VSC_rep_2_2_a4b2efd7_all_results.json,0.8392857142857143,56,real_networks,,
VSC_rep_2_2_c8e468fc_all_results.json,0.8571428571428571,56,real_networks,,
VSC_rep_2_3_0fa3a94a_all_results.json,0.8571428571428571,56,real_networks,,
VSC_rep_2_3_dd8881d6_all_results.json,0.875,56,real_networks,,
VSC_rep_2_4_54a9a55d_all_results.json,0.875,56,real_networks,,
VSC_rep_2_4_87f1b91d_all_results.json,0.875,56,real_networks,,
mCAD_rep_1_0_3f3127d1_all_results.json,0.9,20,real_networks,,
mCAD_rep_1_0_c733c5af_all_results.json,0.95,20,real_networks,,
mCAD_rep_1_1_984e3851_all_results.json,0.95,20,real_networks,,
mCAD_rep_1_1_98d3784d_all_results.json,0.95,20,real_networks,,
mCAD_rep_1_2_9c719c8a_all_results.json,0.95,20,real_networks,,
mCAD_rep_1_2_a7063ed4_all_results.json,0.95,20,real_networks,,
mCAD_rep_1_3_4b249088_all_results.json,0.95,20,real_networks,,
mCAD_rep_1_3_bc300850_all_results.json,0.95,20,real_networks,,
mCAD_rep_1_4_6e99bcc8_all_results.json,0.95,20,real_networks,,
mCAD_rep_1_4_986cdabb_all_results.json,1.0,20,real_networks,,
unfiltered/variability_high,0.01020408163265306,2450,LARRY,unfiltered,variability_high
unfiltered/variability_mid,0.020964360587002098,2862,LARRY,unfiltered,variability_mid
unfiltered/variability_low,0.0633116883116883,3080,LARRY,unfiltered,variability_low
unfiltered/detection_high,0.0711038961038961,3080,LARRY,unfiltered,detection_high
unfiltered/detection_mid,0.04116558741905643,2162,LARRY,unfiltered,detection_mid
unfiltered/detection_low,0.02431372549019608,2550,LARRY,unfiltered,detection_low
unfiltered/correlation_high,0.2632135306553911,1892,LARRY,unfiltered,correlation_high
unfiltered/correlation_mid,0.09389561975768872,4292,LARRY,unfiltered,correlation_mid
unfiltered/correlation_low,0.048131080389144903,3906,LARRY,unfiltered,correlation_low
annotfilter/variability_high,0.0163265306122449,2450,LARRY,annotfilter,variability_high
annotfilter/variability_mid,0.0220125786163522,2862,LARRY,annotfilter,variability_mid
annotfilter/variability_low,0.04642857142857143,3080,LARRY,annotfilter,variability_low
annotfilter/detection_high,0.04448051948051948,3080,LARRY,annotfilter,detection_high
annotfilter/detection_mid,0.03839037927844589,2162,LARRY,annotfilter,detection_mid
annotfilter/detection_low,0.02196078431372549,2550,LARRY,annotfilter,detection_low
annotfilter/correlation_high,0.12526427061310783,1892,LARRY,annotfilter,correlation_high
annotfilter/correlation_mid,0.06125390343502282,4163,LARRY,annotfilter,correlation_mid
annotfilter/correlation_low,0.03789042498719918,3906,LARRY,annotfilter,correlation_low
