file	old_line	new_line
config-files/config_autoreg_pidc_fix.yaml	output_dir: "/home/gzu5140/TwINFER_KA/analysis_data/autoregulation_benchmark_20260824/beeline_inference"	output_dir: "${TWINFER_DATA_ROOT}/autoregulation_benchmark_20260824/beeline_inference"
config-files/config_autoregulation_genie3_grnboost2_20260824.yaml	output_dir: "/home/gzu5140/TwINFER_KA/analysis_data/autoregulation_benchmark_20260824/beeline_inference"	output_dir: "${TWINFER_DATA_ROOT}/autoregulation_benchmark_20260824/beeline_inference"
config-files/config_autoregulation_safe_20260824.yaml	output_dir: "/home/gzu5140/TwINFER_KA/analysis_data/autoregulation_benchmark_20260824/beeline_inference"	output_dir: "${TWINFER_DATA_ROOT}/autoregulation_benchmark_20260824/beeline_inference"
config-files/config_cycle.yaml	output_dir: "/home/gzu5140/Keerthana_b1042/TwINFER/analysis_data/cycle_6_node/beeline_inference"	output_dir: "${TWINFER_DATA_ROOT}/cycle_6_node/beeline_inference"
config-files/config_dyn_linear.yaml	input_dir : "/home/gzu5140/TwINFER_KA/analysis_data/boolode_linear_gene_sim/beeline_format"	input_dir : "${TWINFER_DATA_ROOT}/boolode_linear_gene_sim/beeline_format"
config-files/config_dyn_linear.yaml	output_dir: "/home/gzu5140/TwINFER_KA/analysis_data/boolode_linear_gene_sim/beeline_inference"	output_dir: "${TWINFER_DATA_ROOT}/boolode_linear_gene_sim/beeline_inference"
config-files/config_e13_pos100.yaml	output_dir: /home/gzu5140/TwINFER_KA/analysis_data/network_sweep_final/e13_pos100/beeline_inference	output_dir: ${TWINFER_DATA_ROOT}/network_sweep_final/e13_pos100/beeline_inference
config-files/config_e13_pos100_genie3_grnboost2.yaml	output_dir: /home/gzu5140/TwINFER_KA/analysis_data/network_sweep_final/e13_pos100/beeline_inference	output_dir: ${TWINFER_DATA_ROOT}/network_sweep_final/e13_pos100/beeline_inference
config-files/config_e13_pos100_t1_10.yaml	output_dir: /home/gzu5140/TwINFER_KA/analysis_data/network_sweep_final/e13_pos100/beeline_inference_t1_10	output_dir: ${TWINFER_DATA_ROOT}/network_sweep_final/e13_pos100/beeline_inference_t1_10
config-files/config_e13_pos100_t1_10_genie3_grnboost2.yaml	output_dir: /home/gzu5140/TwINFER_KA/analysis_data/network_sweep_final/e13_pos100/beeline_inference_t1_10	output_dir: ${TWINFER_DATA_ROOT}/network_sweep_final/e13_pos100/beeline_inference_t1_10
config-files/config_genie3_grnboost2_e17rep2_finish.yaml	output_dir: "/home/gzu5140/TwINFER_KA/analysis_data/synthetic_network_benchmark_20260824/beeline_inference"	output_dir: "${TWINFER_DATA_ROOT}/synthetic_network_benchmark_20260824/beeline_inference"
config-files/config_genie3_grnboost2_sequential.yaml	output_dir: "/home/gzu5140/TwINFER_KA/analysis_data/synthetic_network_benchmark_20260824/beeline_inference"	output_dir: "${TWINFER_DATA_ROOT}/synthetic_network_benchmark_20260824/beeline_inference"
config-files/config_genie3_rerun.yaml	output_dir: "/home/gzu5140/TwINFER_KA/analysis_data/synthetic_network_benchmark_06082026/beeline_inference"	output_dir: "${TWINFER_DATA_ROOT}/synthetic_network_benchmark_06082026/beeline_inference"
config-files/config_mixed_network_sweep.yaml	output_dir: /home/gzu5140/TwINFER_KA/analysis_data/mixed_network_sweep/beeline_inference	output_dir: ${TWINFER_DATA_ROOT}/mixed_network_sweep/beeline_inference
config-files/config_mixed_network_sweep_genie3_grnboost2.yaml	output_dir: /home/gzu5140/TwINFER_KA/analysis_data/mixed_network_sweep/beeline_inference	output_dir: ${TWINFER_DATA_ROOT}/mixed_network_sweep/beeline_inference
config-files/config_mixed_network_sweep_t1_10.yaml	output_dir: /home/gzu5140/TwINFER_KA/analysis_data/mixed_network_sweep/beeline_inference_t1_10	output_dir: ${TWINFER_DATA_ROOT}/mixed_network_sweep/beeline_inference_t1_10
config-files/config_mixed_network_sweep_t1_10_genie3_grnboost2.yaml	output_dir: /home/gzu5140/TwINFER_KA/analysis_data/mixed_network_sweep/beeline_inference_t1_10	output_dir: ${TWINFER_DATA_ROOT}/mixed_network_sweep/beeline_inference_t1_10
config-files/config_network_sweep_final_t1_10.yaml	output_dir: /home/gzu5140/TwINFER_KA/analysis_data/network_sweep_final/beeline_inference_t1_10	output_dir: ${TWINFER_DATA_ROOT}/network_sweep_final/beeline_inference_t1_10
config-files/config_network_sweep_final_t1_10_genie3_grnboost2.yaml	output_dir: /home/gzu5140/TwINFER_KA/analysis_data/network_sweep_final/beeline_inference_t1_10	output_dir: ${TWINFER_DATA_ROOT}/network_sweep_final/beeline_inference_t1_10
config-files/config_networksweep.yaml	output_dir: "/home/gzu5140/Keerthana_b1042/TwINFER/analysis_data/network_sweep/beeline_inference"	output_dir: "${TWINFER_DATA_ROOT}/network_sweep/beeline_inference"
config-files/config_networksweep_final.yaml	output_dir: "/home/gzu5140/Keerthana_b1042/TwINFER/analysis_data/network_sweep_final/beeline_inference"	output_dir: "${TWINFER_DATA_ROOT}/network_sweep_final/beeline_inference"
config-files/config_networksweep_final_20260824.yaml	output_dir: "/home/gzu5140/TwINFER_KA/analysis_data/synthetic_network_benchmark_20260824/beeline_inference"	output_dir: "${TWINFER_DATA_ROOT}/synthetic_network_benchmark_20260824/beeline_inference"
config-files/config_networksweep_sincerities.yaml	output_dir: "/home/gzu5140/Keerthana_b1042/TwINFER/analysis_data/network_sweep/beeline_inference"	output_dir: "${TWINFER_DATA_ROOT}/network_sweep/beeline_inference"
config-files/config_pearson_rerun.yaml	output_dir: "/home/gzu5140/TwINFER_KA/analysis_data/synthetic_network_benchmark_06082026/beeline_inference"	output_dir: "${TWINFER_DATA_ROOT}/synthetic_network_benchmark_06082026/beeline_inference"
config-files/config_pidc_fix_20260824.yaml	output_dir: "/home/gzu5140/TwINFER_KA/analysis_data/synthetic_network_benchmark_20260824/beeline_inference"	output_dir: "${TWINFER_DATA_ROOT}/synthetic_network_benchmark_20260824/beeline_inference"
config-files/config_ppcor_rerun.yaml	output_dir: "/home/gzu5140/TwINFER_KA/analysis_data/synthetic_network_benchmark_06082026/beeline_inference"	output_dir: "${TWINFER_DATA_ROOT}/synthetic_network_benchmark_06082026/beeline_inference"
config-files/config_ppcor_source_fix.yaml	output_dir: "/home/gzu5140/TwINFER_KA/analysis_data/synthetic_network_benchmark_06082026/beeline_inference"	output_dir: "${TWINFER_DATA_ROOT}/synthetic_network_benchmark_06082026/beeline_inference"
config-files/config_real_network.yaml	output_dir: "/home/gzu5140/Keerthana_b1042/TwINFER/analysis_data/real_networks/beeline_inference"	output_dir: "${TWINFER_DATA_ROOT}/real_networks/beeline_inference"
config-files/config_real_network_twinpaired_backfill.yaml	input_dir : "/home/gzu5140/TwINFER_KA/code/Beeline/inputs/real_networks_legacy"	input_dir : "${TWINFER_BEELINE_PATH}/inputs/real_networks_legacy"
config-files/config_real_networks.yaml	output_dir: "/home/gzu5140/TwINFER_KA/analysis_data/paper_analysis/real_networks/beeline_inference"	output_dir: "${TWINFER_DATA_ROOT}/paper_analysis/real_networks/beeline_inference"
config-files/config_real_networks_t1_10.yaml	output_dir: /home/gzu5140/TwINFER_KA/analysis_data/paper_analysis/real_networks/beeline_inference_t1_10	output_dir: ${TWINFER_DATA_ROOT}/paper_analysis/real_networks/beeline_inference_t1_10
config-files/config_real_networks_t1_10_genie3_grnboost2.yaml	output_dir: /home/gzu5140/TwINFER_KA/analysis_data/paper_analysis/real_networks/beeline_inference_t1_10	output_dir: ${TWINFER_DATA_ROOT}/paper_analysis/real_networks/beeline_inference_t1_10
config-files/config_scode_rep6.yaml	output_dir: "/home/gzu5140/TwINFER_KA/analysis_data/synthetic_network_benchmark_06082026/beeline_inference_scode_rep6"	output_dir: "${TWINFER_DATA_ROOT}/synthetic_network_benchmark_06082026/beeline_inference_scode_rep6"
