sample_size,rep,observed_correlation,p_value,significant,null_corr_threshold,null_corr_variance
6000,0,0.0020105302633262514,0.8702,False,0.03645348213961061,0.00016784574461678185
6000,1,0.005305119358964132,0.677,False,0.035635729333935696,0.00016496004344940487
6000,2,0.00392143512744547,0.7798,False,0.03574627937422621,0.0001694959964151865
6000,3,0.001886705036260857,0.8978,False,0.03512112453722669,0.0001635028562997344
6000,4,0.01722488325773178,0.1844,False,0.03579326856699935,0.00016556446659134568
6000,5,0.00506180809438988,0.6952,False,0.036235564471683,0.00016452746954523029
6000,6,-0.0035310088663605414,0.78,False,0.03597760610404897,0.00016637099331757405
6000,7,0.017860662951925812,0.1718,False,0.036485666200877634,0.0001671761572608098
6000,8,0.01016626902432063,0.4334,False,0.03559750081149283,0.0001633006775190236
6000,9,0.012906417028019576,0.316,False,0.037049290570906925,0.0001683662476301639
6000,10,0.020866018479140207,0.1094,False,0.03693474092759758,0.00017018859308900815
6000,11,0.008750349115420197,0.4888,False,0.03581054978445793,0.00016881453612309347
6000,12,0.028174342613734735,0.029,False,0.035748697450339054,0.00016475195336102867
6000,13,0.006702016316292022,0.6058,False,0.035564962998807285,0.00016455618342222983
6000,14,-0.012180966773829802,0.3404,False,0.0359519317758192,0.00016456522641361443
6000,15,0.0013719851597546403,0.9364,False,0.03574073956309583,0.0001649505346893383
6000,16,0.00014487396937428042,0.9894,False,0.0366385232483709,0.00016722465240879346
6000,17,0.014979939414569866,0.2408,False,0.035938363941842855,0.0001647750423488156
6000,18,0.02133906515781348,0.0884,False,0.03601492569723706,0.00016291653879855786
6000,19,-0.0036837223715899567,0.774,False,0.035795744652397994,0.00016901374168979774
6000,20,0.0030315614052520367,0.8146,False,0.03614641241161022,0.00016398971325440022
6000,21,0.016804560706651837,0.1968,False,0.03677812610729936,0.00017217697043253371
6000,22,0.010447384351301981,0.4122,False,0.036253614068737984,0.00016338801168419066
6000,23,0.01704773434528106,0.1906,False,0.03576130179718003,0.00016629087093594067
6000,24,0.006556056847508138,0.61,False,0.03577313787487918,0.00016370048314776143
6000,25,0.005084592837862251,0.689,False,0.03626427232016106,0.00016437282403632578
6000,26,0.011519993790802124,0.3618,False,0.036603966449085465,0.00016641439689763123
6000,27,0.007754679210090221,0.559,False,0.03577980531465893,0.00016871806143960792
6000,28,0.022169581933435725,0.092,False,0.036182864502555666,0.0001695194383309976
6000,29,0.032089268213484394,0.0154,False,0.036050562814624015,0.00016863310376609032
6000,30,0.0171287088641968,0.1804,False,0.03589121770226571,0.00016729043745196116
6000,31,0.005328908762960855,0.6876,False,0.0369350268577343,0.0001681602236253586
6000,32,-0.004251311290604346,0.7496,False,0.03647183538881532,0.00016696902009968344
6000,33,-0.0028139444889509427,0.8344,False,0.035981222445811784,0.00016238363481701113
6000,34,0.01381260625695788,0.287,False,0.03580780493739794,0.0001670714222162917
6000,35,0.01847217898922347,0.149,False,0.03657494502551159,0.00016648576482955938
6000,36,-0.00516793830706018,0.7016,False,0.03629268273659204,0.00016731876401388234
6000,37,0.001064449389372844,0.9158,False,0.03577696679467708,0.00016534521069084193
6000,38,-0.00187647027619809,0.8994,False,0.03662333676018099,0.00016544918309548904
6000,39,0.0104969669089239,0.4096,False,0.037065650133374296,0.00016870450646455995
6000,40,-0.008247509264573885,0.5084,False,0.036797057273876874,0.00016864480522994448
6000,41,0.0062560422196260785,0.622,False,0.0363692962500565,0.00016084343951400487
6000,42,0.013805864656521573,0.2892,False,0.03577567457150093,0.00016962054800360063
6000,43,0.013862659737861613,0.2932,False,0.03651236769197188,0.00017019751179954399
6000,44,0.022647174599909482,0.0782,False,0.03683887845942656,0.00016765061818957148
6000,45,0.004620950425019972,0.7376,False,0.03524383174191487,0.00016302986327152496
6000,46,0.012924764190293989,0.3064,False,0.035902540257135726,0.00016131713306733223
6000,47,0.013335268156154446,0.3082,False,0.0360460851578153,0.00016711908160734756
6000,48,0.003201107239096375,0.8018,False,0.037544920783922964,0.00016775165083745712
6000,49,0.013204150878750107,0.301,False,0.035500024013140646,0.0001639069027163631
6000,50,0.012303627528536141,0.3322,False,0.036164232618145234,0.00016648190861652672
6000,51,0.01952131225288259,0.123,False,0.03635694526731564,0.00016698777727765647
6000,52,0.01149020225754442,0.375,False,0.03608345723565809,0.00016651582727401646
6000,53,0.004668586296802195,0.734,False,0.03600199583481855,0.00016673735064417575
6000,54,0.014939700158134454,0.2482,False,0.03582091752467065,0.0001645364202903981
6000,55,0.004440390807693026,0.729,False,0.035605111706756,0.0001684343236064246
6000,56,0.020229889994153732,0.1154,False,0.035655892870155276,0.00016787854229838816
6000,57,-0.0023859017958596466,0.8528,False,0.03642397864254092,0.00017107794147480613
6000,58,0.015786304079005407,0.215,False,0.03533219918703459,0.00016581664898729752
6000,59,0.0112633855617313,0.3824,False,0.036777441597965456,0.00016512679233285108
6000,60,-0.0005349835867599275,0.9592,False,0.03570829377632112,0.00016867060711838199
6000,61,0.007985728259900179,0.5254,False,0.03683704988779924,0.00016568697719000593
6000,62,-0.0010682880040545563,0.9252,False,0.03568607215043013,0.0001663663841743444
6000,63,0.013318315937997729,0.3166,False,0.03546603054478863,0.00016620126609023068
6000,64,0.019441309600409896,0.1362,False,0.03715964068848818,0.00016979147199458076
6000,65,-0.004091534156730013,0.751,False,0.03502472576443236,0.00016510701993832793
6000,66,0.006399213163213456,0.6422,False,0.03647998019923389,0.00016634952617336466
6000,67,0.014600533216859187,0.254,False,0.03564842417116944,0.00016772183657683622
6000,68,0.011272124834449193,0.3756,False,0.03554443905325423,0.00016343335717315948
6000,69,0.01903167541852832,0.137,False,0.03520015598814066,0.00016287662939365983
6000,70,0.01809676679300892,0.1622,False,0.03645126152231483,0.00016796838703236582
6000,71,0.018667874802105806,0.1512,False,0.0363163921461712,0.00016791275466178913
6000,72,0.02612091283963873,0.047,False,0.03596079323422327,0.00016852958167206048
6000,73,0.0069485112032939686,0.5988,False,0.0360999355636061,0.00016272858882452687
6000,74,0.006343635814371485,0.6214,False,0.03529247330676431,0.0001661239293741757
6000,75,0.01937630211378242,0.13,False,0.036296470386468514,0.00016619953573246743
6000,76,0.013475394272285522,0.3042,False,0.035690163306222045,0.00016800308425843195
6000,77,0.007259494633087473,0.563,False,0.03638295905559297,0.0001660651936942532
6000,78,-0.0012548720049766306,0.9106,False,0.03682543389286874,0.00016714517236249448
6000,79,0.013126900627738457,0.303,False,0.03677375969266153,0.00016860480074169839
6000,80,0.03004490943151324,0.0178,False,0.03525859773025978,0.0001622663812498491
6000,81,0.02364379357455826,0.0704,False,0.037041374494536414,0.0001701092863059445
6000,82,0.0013685489706458285,0.8916,False,0.0367029908481603,0.00016709610130652856
6000,83,0.001734577105724388,0.8874,False,0.03560816738280339,0.00016134503611110924
6000,84,0.014016109659057571,0.2738,False,0.03664748349385436,0.00016530364957659905
6000,85,0.005076968937681303,0.6926,False,0.035431705616458545,0.00016845909740620746
6000,86,0.01600786573044247,0.2124,False,0.03663687959048615,0.0001648041186354039
6000,87,0.003025810570800486,0.8076,False,0.036650593835526345,0.00016602081303255828
6000,88,0.002110439350513875,0.8904,False,0.03601594937777744,0.00016904432051741619
6000,89,0.005189110181633853,0.7054,False,0.03559691665093384,0.00016464438181991166
6000,90,0.006114520155289699,0.641,False,0.03555106954766107,0.00016661232165808394
6000,91,0.014552211085571455,0.261,False,0.03608357034501996,0.0001669538494674928
6000,92,0.026703149404007972,0.0374,False,0.03645252205783022,0.0001640422013456123
6000,93,-0.011046727048784509,0.3888,False,0.03657099822038248,0.00016681302928352114
6000,94,0.017211770913697477,0.1814,False,0.03649850125230441,0.0001682468344101214
6000,95,0.011733315072390798,0.38,False,0.03616563253392412,0.0001671647273083127
6000,96,0.016795175545922945,0.1914,False,0.036686803601615796,0.0001677204773883112
6000,97,0.024462418921294686,0.0624,False,0.036320193589303246,0.00017391559594705046
6000,98,0.014215141417924685,0.2708,False,0.03637818182425549,0.00016869571623802875
6000,99,0.012967886758787163,0.3106,False,0.03614096968369081,0.00016500547121949593
4000,0,0.0038622692450081433,0.823,False,0.04526782221835015,0.0002521334662278093
4000,1,-0.006558747006348173,0.6724,False,0.0443626501598427,0.0002462664481749157
4000,2,0.010203460004865784,0.5042,False,0.04550008418150388,0.0002485042390200815
4000,3,0.020635875427525652,0.1888,False,0.0438453012237194,0.00024653073235239245
4000,4,-0.003498292140612731,0.8254,False,0.04282621757844092,0.000246053073292457
4000,5,0.00621019131505617,0.6958,False,0.04330821780954473,0.00024369761515759798
4000,6,0.005993001977668578,0.6888,False,0.04444182341592155,0.0002461558020294178
4000,7,0.021336458684452726,0.186,False,0.04370321998797558,0.0002525163042659229
4000,8,0.022169414092481902,0.1536,False,0.0432156029764918,0.00024762124216113024
4000,9,0.004617876258313755,0.7808,False,0.04519339059851988,0.0002504363085938722
4000,10,0.006922569012713062,0.6664,False,0.04378063594099493,0.00024940594887767496
4000,11,0.005303774380707042,0.7476,False,0.044433661997448054,0.00025162798663471385
4000,12,0.030992041134492578,0.0556,False,0.045312422332444924,0.00026134254372993095
4000,13,0.024893905242818325,0.114,False,0.04429947874963002,0.0002498671805087591
4000,14,0.009988562194878748,0.5354,False,0.04572960031189398,0.0002544420026627234
4000,15,0.018915643135989656,0.2282,False,0.044335072037610945,0.00025306125694350603
4000,16,0.020061337362916116,0.191,False,0.04411607245573242,0.000240502508416245
4000,17,0.038902612083158074,0.0154,False,0.0451667724324114,0.0002549891223228758
4000,18,0.04026510847804446,0.0128,False,0.045190992371527204,0.0002533345515187387
4000,19,0.034701127428601174,0.0254,False,0.04424001062115242,0.00025593372044519966
4000,20,0.019092619891158534,0.2232,False,0.04348669762144999,0.00024904584470478803
4000,21,0.05065427855739723,0.0018,True,0.044900640813548116,0.0002506791868140074
4000,22,0.03538629787365116,0.0298,False,0.045792774289463906,0.0002529776115049442
4000,23,0.025839786842007384,0.1,False,0.04441243295752212,0.00025137695560283193
4000,24,0.0053160215612533855,0.7358,False,0.04413463134535954,0.00024732818418195994
4000,25,0.01640942500873367,0.2782,False,0.04464175021474922,0.0002487530182361655
4000,26,0.010118561134510415,0.5264,False,0.043322721653910885,0.0002484165790274817
4000,27,0.004219272420227426,0.77,False,0.043729682545651176,0.0002453224303062226
4000,28,0.014069297833366835,0.386,False,0.04455623807795642,0.0002581954243381671
4000,29,0.029448957258692038,0.0678,False,0.045023408052777436,0.0002484473759715974
4000,30,0.003943592265487381,0.7984,False,0.04418302475516159,0.0002542560214151804
4000,31,0.007123011130709752,0.6534,False,0.04409986988529536,0.0002508919241304239
4000,32,0.017706384668754283,0.2708,False,0.044258885612646855,0.00025182186126003584
4000,33,0.015567540927711421,0.3156,False,0.043138769435993526,0.0002483338948192938
4000,34,0.00035858181424821254,0.9836,False,0.04433891956788097,0.0002495062582293629
4000,35,0.04221315529448446,0.0074,True,0.04390942708724747,0.00025197843609001125
4000,36,0.015021417653181561,0.3238,False,0.04311192508344017,0.00024290006267032221
4000,37,0.0038135796028270505,0.8136,False,0.045022226897004546,0.0002516933251056834
4000,38,0.0071686223697521295,0.6524,False,0.04452014845319288,0.00024697020608565505
4000,39,0.011721279772904561,0.4594,False,0.04476953007141366,0.0002507447651785543
4000,40,0.005183549032111282,0.7512,False,0.04442234139000448,0.0002482943022114469
4000,41,0.010453528183653027,0.4922,False,0.043625579917549645,0.0002467533999421902
4000,42,-0.0005163074303028309,0.9706,False,0.04536713834227124,0.0002567908117227127
4000,43,0.03283324391829401,0.0392,False,0.04388315833671959,0.00024067344502677854
4000,44,-0.003492248055465033,0.8252,False,0.04450096752403489,0.00024907301732021513
4000,45,0.026409422522357836,0.0946,False,0.04487748059728983,0.0002532189132279968
4000,46,0.01366105919383461,0.3912,False,0.04443672009551408,0.0002503846452450882
4000,47,0.022766876537743362,0.152,False,0.04466925612071883,0.0002559082743294831
4000,48,0.0060710976999341715,0.6956,False,0.04408851712659501,0.00025181624835165443
4000,49,0.0038848052832444312,0.8044,False,0.04409040767650949,0.0002482700333314029
4000,50,0.021498882308717583,0.1808,False,0.04455983390094935,0.00025316588083902495
4000,51,0.01592695228043591,0.3238,False,0.044963928415063206,0.0002552267129888556
4000,52,0.0178081947578731,0.2592,False,0.044775654363684934,0.00024888950016902276
4000,53,0.010161863566344296,0.5116,False,0.043995434997908124,0.0002523251303481181
4000,54,0.0162963489711619,0.3066,False,0.04398208910718825,0.00025109119591454733
4000,55,-0.001496200344483365,0.9432,False,0.04454864247840744,0.00025599678889461704
4000,56,0.025983802404111,0.1022,False,0.0455154993396247,0.0002506153560988191
4000,57,0.02061091763523969,0.195,False,0.045177578359642784,0.00025656207380071375
4000,58,0.009215337071238073,0.5544,False,0.04421717221318699,0.00024386053453567954
4000,59,0.01676428901521758,0.284,False,0.04322254077916548,0.00024438603445146607
4000,60,0.010468639039051616,0.519,False,0.04494465139731416,0.0002537445548346847
4000,61,-0.006119546211221093,0.7124,False,0.044355419978993976,0.00024411662463868643
4000,62,-0.00807300190483475,0.6324,False,0.04446725185010049,0.0002482385524061479
4000,63,0.0010295393260294713,0.9566,False,0.043406814412172645,0.00024297377793704484
4000,64,0.017174647472885052,0.2936,False,0.0446583180255227,0.00025042844693517704
4000,65,-0.007977204949647838,0.6136,False,0.04440417878498339,0.00024725374462456216
4000,66,0.00019079889263183276,0.9784,False,0.044272003501987005,0.00025010617363545074
4000,67,0.0035691705215104533,0.8138,False,0.04349982655265937,0.00024554936861055025
4000,68,0.00815501435246936,0.6002,False,0.043423478964786405,0.00024667496970033316
4000,69,0.029658257119088767,0.0604,False,0.0436330767320927,0.0002492493756167959
4000,70,0.02584096627789856,0.1056,False,0.04424287868163376,0.00025087844477912147
4000,71,-0.01018466047070072,0.5104,False,0.043815278894140136,0.00024239187804940947
4000,72,0.0012077442629732395,0.9302,False,0.0441686579191671,0.00024754358068750245
4000,73,-0.002715050365885055,0.8674,False,0.044495227836648825,0.00025264183226513605
4000,74,0.011017644057035791,0.4928,False,0.04296605607115978,0.0002503333661587892
4000,75,0.007707399376419665,0.6308,False,0.045284321716217484,0.00025034871962077
4000,76,0.014153491283024771,0.3632,False,0.042460226704987655,0.0002414158687073502
4000,77,0.0023647414106126156,0.8728,False,0.04358882632646811,0.00024283990239270893
4000,78,0.02225431065211821,0.1618,False,0.044917218717066526,0.0002493940589419246
4000,79,0.016345866852323462,0.3028,False,0.04359126720857619,0.000245503077262091
4000,80,0.0060721740777382105,0.7182,False,0.042828007936438504,0.00024394196665381354
4000,81,0.007594994911900342,0.6222,False,0.0435010324065026,0.0002508809592881892
4000,82,0.006101456133156577,0.722,False,0.04452236726370013,0.0002566089328355913
4000,83,0.020814160066633863,0.1944,False,0.04415538182624128,0.0002514253063676386
4000,84,0.006947634215828798,0.652,False,0.04397586483156258,0.00024954379036425383
4000,85,0.014902543862537797,0.3524,False,0.0454239352204736,0.00025810998647184217
4000,86,0.015924391959367103,0.3114,False,0.04349852019647382,0.00024648232106908925
4000,87,0.022281028657500854,0.16,False,0.046225516505643494,0.00025326868149831336
4000,88,0.009845550789442083,0.5352,False,0.04402361656383026,0.0002493662110003498
4000,89,0.024227104562972224,0.1156,False,0.044041293565889345,0.00024484803271649714
4000,90,-0.015038050830012764,0.335,False,0.042786042410687425,0.00024891225661869147
4000,91,0.016652072295988394,0.2836,False,0.04463937143792449,0.0002522594609850964
4000,92,0.013523666005353173,0.4036,False,0.044912300155611894,0.00025292226832998723
4000,93,0.007459303940983358,0.6438,False,0.04502581248261778,0.00025116710496223964
4000,94,0.0027387433034309883,0.8518,False,0.04375441308216078,0.000245382386078773
4000,95,0.015428075340745164,0.3352,False,0.043533176302336204,0.0002512581500869587
4000,96,-0.007311216598262687,0.6438,False,0.04402154826537198,0.0002538404668057789
4000,97,0.009331165321703902,0.5642,False,0.043410950218879404,0.0002481482045630625
4000,98,0.012794667752217626,0.416,False,0.045115141274098394,0.0002513457454724399
4000,99,0.0019239760081110498,0.9214,False,0.04450006316044852,0.00025446539497487317
2000,0,0.03332975388244482,0.1398,False,0.06205437674385222,0.0004925093841611583
2000,1,-0.002492294545777435,0.9196,False,0.06129341720810115,0.0004959332125185831
2000,2,0.022444353268769607,0.3196,False,0.0630720016611941,0.0004980807573411461
2000,3,-0.0011251789013468376,0.9632,False,0.06087721011065488,0.0004993862019524121
2000,4,0.0006849901993552118,0.9798,False,0.062078668130131,0.0005172162597895346
2000,5,0.0014734792681175457,0.9458,False,0.06373534867327756,0.0005026801332643742
2000,6,0.03395912389237933,0.1246,False,0.06327175920576114,0.0004955041121391642
2000,7,0.017915830313058784,0.4314,False,0.06113509455547645,0.0004999027000528739
2000,8,0.004337743618898631,0.847,False,0.06329321382057534,0.0004961088805125478
2000,9,0.016548774215953164,0.462,False,0.06244951304123926,0.0005149441654399772
2000,10,-0.01058678260518491,0.6468,False,0.06381029382441772,0.000510529286310633
2000,11,0.01655154642015257,0.4496,False,0.06174412653362843,0.0004942326060430575
2000,12,0.009934733171778672,0.6538,False,0.06166789366196921,0.0004897447772042752
2000,13,-0.0018183642939765112,0.9504,False,0.06125171879440785,0.0004919887786391543
2000,14,0.013645081629892988,0.5564,False,0.06208733702042364,0.0005059231699545355
2000,15,-0.018086952661142682,0.4034,False,0.061337970737664345,0.0004869347318399018
2000,16,0.02241637646353083,0.3308,False,0.06348348617101766,0.0005096112988430587
2000,17,-0.022529433029512817,0.3198,False,0.06097700981993092,0.000500275486863024
2000,18,-0.0049513744619662705,0.8238,False,0.06220573729927258,0.0005058953346376748
2000,19,0.016782039530956548,0.4392,False,0.06365826421712566,0.0004963794519646551
2000,20,0.00982353474676062,0.6718,False,0.06261511109066445,0.0005011861123073366
2000,21,-0.00044912059527071386,0.9924,False,0.06382482735714307,0.0004985556449231757
2000,22,0.021188865034029974,0.337,False,0.06463166356076193,0.0004983803241237049
2000,23,0.023153742431631354,0.3026,False,0.0645824587434962,0.0004948061871761843
2000,24,-0.014008104245813554,0.5404,False,0.06392514396896853,0.00050794966977547
2000,25,0.055013485904058856,0.0126,False,0.0636906653139302,0.0004931869046714394
2000,26,0.026711392462284732,0.2392,False,0.061800444186711954,0.0004927741374946859
2000,27,0.0336386481345941,0.1398,False,0.06276631723103367,0.0005006865440195568
2000,28,-0.00531655104634371,0.8086,False,0.06232226318961437,0.0005073757322786145
2000,29,0.03956597259581555,0.074,False,0.06408475858875692,0.000497366977880789
2000,30,0.03920536759808717,0.0764,False,0.06248526675366979,0.0005051565082239062
2000,31,0.021845257803511462,0.3194,False,0.062387492934727916,0.0004883832330216316
2000,32,-0.007965423349263402,0.7162,False,0.06316821857098939,0.000499359615521841
2000,33,0.020917463496658458,0.3524,False,0.06288801904824941,0.0005118006339165702
2000,34,0.00813253740296697,0.7122,False,0.06120434737554743,0.0005028101713548028
2000,35,0.03425667259170786,0.125,False,0.06424427819823889,0.0005093626473299656
2000,36,0.01719026361271685,0.4352,False,0.06320142509588166,0.0004912931770011283
2000,37,0.019440794437500408,0.3864,False,0.06428133011266343,0.0005079055818503467
2000,38,0.022615162500625428,0.3174,False,0.061206383220810956,0.0004999368286159837
2000,39,0.01888981590627921,0.4066,False,0.06289289532635385,0.0005010088564431295
2000,40,0.02247888453991652,0.3172,False,0.06287731673767323,0.0005030878850561412
2000,41,-0.01210272003116196,0.5892,False,0.0631965400592322,0.0005011003085359523
2000,42,-0.012080896349016481,0.58,False,0.06467502815405472,0.0005138428921210188
2000,43,0.010788590522081615,0.6362,False,0.06236444342913958,0.0004998907829855549
2000,44,0.004260416137173396,0.8448,False,0.06258870495493854,0.0004926866579843138
2000,45,-0.00137238966409453,0.9398,False,0.0626268843437534,0.0004958701320568551
2000,46,0.00023481605377926256,0.9716,False,0.06257058327430293,0.0004977937255879048
2000,47,0.010266520326353345,0.6524,False,0.062248943603089385,0.0004977563311573563
2000,48,0.02228307661838853,0.325,False,0.060637605946026775,0.0004939344440513137
2000,49,-0.004539914832309497,0.835,False,0.06191783096264481,0.0004884083923611884
2000,50,-0.007982377114905206,0.711,False,0.061097042950797674,0.0004988443553961403
2000,51,0.043191723389250126,0.0518,False,0.06210311652712118,0.000502121627816696
2000,52,0.018073247344497553,0.4108,False,0.06116374176135412,0.0005032277006205465
2000,53,0.028680591156310574,0.2012,False,0.06302885014912976,0.0005077516679289048
2000,54,-0.006372468917572254,0.7622,False,0.06195061240006249,0.000497941614729033
2000,55,0.019827033920302484,0.374,False,0.06112655143813393,0.0004944439251489936
2000,56,0.041752698116404786,0.059,False,0.062463867286641155,0.0005008651890701383
2000,57,-0.00037710102796531666,0.9874,False,0.06231179779782368,0.0005041343963081456
2000,58,0.020729907407575108,0.362,False,0.0641956199177518,0.0005084661127385335
2000,59,0.009169560358196837,0.6736,False,0.0622000643091028,0.0005080633864335308
2000,60,-0.0022706578612892514,0.914,False,0.064182578063417,0.0004999779070412625
2000,61,0.003902237183953775,0.8652,False,0.06232311074298402,0.0005071995940689939
2000,62,0.012613074309942239,0.5772,False,0.06279954905122087,0.0005019297221262934
2000,63,0.028645857197746857,0.1992,False,0.06349343523142127,0.0004898759948609003
2000,64,-0.01521516501926199,0.488,False,0.06341243496796894,0.0004926099580950336
2000,65,0.006832718448520023,0.7512,False,0.06250613116491299,0.0005054953050879334
2000,66,0.016789273669527538,0.4672,False,0.06306171395508108,0.0005156775704188353
2000,67,-0.007985698279614562,0.7352,False,0.06348058278921265,0.0005042908512574732
2000,68,0.006058740406504478,0.7828,False,0.06135774700004979,0.0004951009565619261
2000,69,0.007572211309232596,0.7432,False,0.06362982278704592,0.0004932863044964257
2000,70,0.000685916222862714,0.9684,False,0.062497660700259604,0.00048582202922975074
2000,71,0.01593376227133243,0.4598,False,0.06252209513598288,0.0004924366254954551
2000,72,0.004582944234724437,0.8476,False,0.06233453950233251,0.0005041284776708623
2000,73,0.01026271121542652,0.6362,False,0.06254846004142608,0.0004944716961537276
2000,74,0.003381463352779117,0.8792,False,0.06392862792460183,0.0005061832992038788
2000,75,-0.020750322449223178,0.358,False,0.06316229177257932,0.0004959170300708385
2000,76,0.02391024845636728,0.2734,False,0.06099435581948757,0.000498086242649102
2000,77,0.014159239417916655,0.5342,False,0.06450856000155712,0.000501706765677145
2000,78,-0.0038703803686036945,0.8642,False,0.06314344299887194,0.0004984204531529126
2000,79,-0.00976522773410818,0.6682,False,0.06329927268725626,0.0004943544830716789
2000,80,0.024967617575068286,0.2716,False,0.0631839277107155,0.000501003633094251
2000,81,0.01896333633167965,0.4078,False,0.06161608925352221,0.0005050773037814316
2000,82,0.00608867077258212,0.79,False,0.062129451143340196,0.0005008561486203945
2000,83,-0.0008531354837450538,0.9594,False,0.06335809828077063,0.0005058515908113327
2000,84,0.022996650512905246,0.3146,False,0.06376896133900045,0.0005088948152520968
2000,85,0.023832138992738495,0.2722,False,0.06323432268305756,0.0004920713119981791
2000,86,0.0004934448573341256,0.9898,False,0.06299879683790102,0.0004979594164235269
2000,87,0.008707161948742359,0.6992,False,0.061415590779940486,0.0005012554589712166
2000,88,0.01029134139719102,0.6528,False,0.06346132695583949,0.0004996284285401691
2000,89,0.008857403352289519,0.6672,False,0.06070188896045205,0.0004934211546186927
2000,90,0.00985693846962393,0.6546,False,0.0640851970829406,0.0005129051717226391
2000,91,0.023885079080921037,0.288,False,0.06257100241373159,0.0004950965518155594
2000,92,0.00896128734930777,0.6876,False,0.06325956331195165,0.000496906819732047
2000,93,0.01578996942532176,0.4644,False,0.06353927939748923,0.0005053897560670625
2000,94,-0.014826948909437908,0.519,False,0.06136057514426859,0.0004955039047979773
2000,95,0.02074882582567401,0.3556,False,0.061201726417824044,0.0004957202888102897
2000,96,-0.010672808384025283,0.6386,False,0.06271675140047128,0.0005130713456788124
2000,97,-0.019901152527381876,0.3782,False,0.0625152760651038,0.0005031136977207495
2000,98,0.029741142960754325,0.1762,False,0.06379618152881117,0.0005055969464053324
2000,99,0.025885872520761504,0.2566,False,0.06394867696644273,0.0005134080183106579
1000,0,-0.0036221210528621147,0.9102,False,0.09028366612468652,0.0010269024023918483
1000,1,0.02487981638979823,0.4564,False,0.0883453354427439,0.0010324832906865736
1000,2,-0.028728404266766483,0.3652,False,0.0898355389242636,0.0010095570758517102
1000,3,0.0174536463417368,0.581,False,0.08806367589650531,0.0009782904392930303
1000,4,-0.004381335638178804,0.8776,False,0.08731872371426941,0.0010115281445666046
1000,5,0.0162076913748014,0.6032,False,0.08780945055395724,0.0009783040726047546
1000,6,0.012077740636142139,0.708,False,0.08914389036984559,0.0010089346115214576
1000,7,-0.004298985175518184,0.8884,False,0.08591606550408697,0.0009666751569018391
1000,8,-0.00852007048212253,0.8038,False,0.08708010760335985,0.000981052865350169
1000,9,0.010805610667814868,0.7408,False,0.08891604392857079,0.0009845744362526876
1000,10,-0.006546334098206383,0.8478,False,0.08669871032710272,0.0009771186967512796
1000,11,0.03890387324491375,0.2152,False,0.08952890727550193,0.0009948847565869167
1000,12,-0.017036251795525176,0.6026,False,0.08863370751709944,0.0010319858336236129
1000,13,0.043733879510046855,0.1666,False,0.08807698982914179,0.0009767313238617725
1000,14,0.037074343270452066,0.2264,False,0.08859896331123152,0.0009760460127236897
1000,15,0.03045860096182445,0.34,False,0.08833724448654999,0.0010172153951613079
1000,16,-0.023008094374660473,0.4726,False,0.08637452543596727,0.0009818489026849192
1000,17,-6.115266336480976e-06,0.9898,False,0.08784255002189725,0.0009975288600776256
1000,18,0.010646469642392147,0.7338,False,0.08623595943758208,0.0009789492345779714
1000,19,0.012215342501680208,0.6872,False,0.08990752090235989,0.0009744214835121671
1000,20,-0.017131657735474592,0.5874,False,0.08619779879408392,0.0010053623209058983
1000,21,0.014315557882442338,0.6474,False,0.08802678290262289,0.0010150813635144789
1000,22,0.009920941346229345,0.7514,False,0.08737287655251316,0.0009792165553318937
1000,23,0.11028124347817915,0.0004,True,0.08847228554416652,0.001009640814080568
1000,24,-0.000651722453224758,0.998,False,0.08644295356052076,0.0009791031830645956
1000,25,-0.004926282654792501,0.8662,False,0.08639022410593802,0.0010086408705260394
1000,26,0.0018957949699332358,0.9576,False,0.08936209830600729,0.0010197921294859847
1000,27,0.03455069978380308,0.2778,False,0.09006032296831484,0.001011901629869165
1000,28,0.05590752711931521,0.078,False,0.08724151499926813,0.0009964770707000716
1000,29,0.03917794039969038,0.2006,False,0.08749546414198137,0.0009804478670047796
1000,30,0.02794772610575632,0.379,False,0.08762124494210922,0.0009910258868902717
1000,31,0.012249612765497197,0.676,False,0.08549466024777289,0.000983821400759879
1000,32,0.036770621204826395,0.2424,False,0.09165147257076771,0.001012313636576564
1000,33,0.011657344951375897,0.7224,False,0.08679310482376548,0.001011021877140849
1000,34,0.02050499482814326,0.5188,False,0.09046181125590994,0.001000105044924559
1000,35,0.07580536370845953,0.0206,False,0.09023666256466314,0.000997107620863316
1000,36,-0.026851108499558716,0.4086,False,0.09062324548045522,0.0010202889308228568
1000,37,0.012099914302720966,0.6968,False,0.09145602188128096,0.0010023009420625114
1000,38,0.04307958488436333,0.1768,False,0.08872353078628427,0.0010207847197931537
1000,39,-0.04884460895902017,0.1232,False,0.0867497100638074,0.0010015232847876733
1000,40,0.010678202515812484,0.7252,False,0.08875371619496669,0.0009896383245722314
1000,41,0.023365140434507842,0.4762,False,0.0879843795845484,0.000996433943456003
1000,42,0.006185700688308242,0.8544,False,0.08737993703910878,0.000980877309117661
1000,43,0.04430732733334485,0.1658,False,0.08936534072950364,0.0010109591059173611
1000,44,0.04164159737770418,0.183,False,0.08902142406367691,0.0009917759026065454
1000,45,-0.025979461824828763,0.4156,False,0.09016759971299666,0.0010114123100983773
1000,46,0.03921544578525642,0.2118,False,0.08846954423151736,0.0009979959980099872
1000,47,0.006068076346153639,0.848,False,0.08880471289874793,0.0010005266242704355
1000,48,-0.01689069799564021,0.5954,False,0.08816140884883474,0.000989334063904238
1000,49,-0.0021037518350142267,0.957,False,0.08988362159876959,0.0010208005930593357
1000,50,0.03435537059836022,0.2882,False,0.08751972202360449,0.0010036839528630751
1000,51,0.022151428432612613,0.4844,False,0.08694370411856327,0.0009711698927824837
1000,52,-0.019619648168549227,0.5266,False,0.09023306011492815,0.001012759261405565
1000,53,0.0137056843195797,0.6538,False,0.08748711446517514,0.000982444789034018
1000,54,-0.03394506786953375,0.2876,False,0.08662495351220237,0.0009966846907890582
1000,55,0.07437125653227118,0.0212,False,0.08812309641554894,0.0010057470410795627
1000,56,-0.01304833452707302,0.6908,False,0.0878205876726092,0.0010057220296509875
1000,57,-0.006028956079145634,0.8534,False,0.08830519730879645,0.000994869132878407
1000,58,0.010566241441572926,0.7382,False,0.08846033224149584,0.000984378555782721
1000,59,-0.04235961001064513,0.1678,False,0.08764917883342768,0.000980999403266016
1000,60,0.001753162172717191,0.9488,False,0.08996167627521993,0.0009828290387505422
1000,61,-0.02968483358181355,0.3642,False,0.08790376430512924,0.0010308535973194513
1000,62,0.014237130481102034,0.6406,False,0.08687269662883931,0.0009700316763389128
1000,63,0.032236819668141826,0.3112,False,0.08732560402855799,0.0009930087217026229
1000,64,-0.0022875055211307297,0.9376,False,0.09093421848166397,0.0010088165978064374
1000,65,-0.002296522708710709,0.9538,False,0.08768505582994329,0.0010071462239634344
1000,66,-0.003261286871399715,0.9114,False,0.08901782247188557,0.0010029342785202158
1000,67,-0.025838142055277652,0.4052,False,0.0899057620316628,0.0010108040016823317
1000,68,-0.0034592488184070104,0.9116,False,0.08692676672600748,0.001012867414298572
1000,69,-0.058011246870399484,0.0618,False,0.08917298224582659,0.0010111686498104056
1000,70,0.032454731482787595,0.3058,False,0.09059353339970343,0.0010209206709090022
1000,71,0.005074309112247849,0.8554,False,0.09116496323026421,0.0010131602824094883
1000,72,0.01886699262009008,0.557,False,0.08945189399249028,0.001028139193254639
1000,73,0.007479813215393949,0.8266,False,0.0868898828971486,0.0010055235898795353
1000,74,0.005661158673179207,0.8518,False,0.08950262638105773,0.0010307691667998495
1000,75,0.044328168481598575,0.1568,False,0.08716170991973439,0.0010012900943769305
1000,76,0.003345920971522988,0.896,False,0.08839924403663807,0.0010080639331546833
1000,77,-0.011259288109088097,0.73,False,0.08611246524130418,0.0009992435745812224
1000,78,-0.01262245041836573,0.682,False,0.08928841265820606,0.000988913573757508
1000,79,-0.014359380342161334,0.6552,False,0.08892246824174313,0.0010001036010791307
1000,80,0.08125463257563628,0.011,False,0.08893470935909548,0.0009931693928961513
1000,81,0.07289782083095235,0.0178,False,0.08934111666203094,0.0009741169397564624
1000,82,0.054323594377097655,0.0966,False,0.0889701970392256,0.001022680533874627
1000,83,-0.04445778372570676,0.1614,False,0.08759626310693798,0.0010029475365248902
1000,84,0.019430833380239144,0.5454,False,0.08801477893705625,0.0010028781785690532
1000,85,0.01454589621862712,0.6544,False,0.08984637937030746,0.0009981948852316928
1000,86,-0.012436435235232218,0.6984,False,0.08770583342747801,0.0009845769734166444
1000,87,-0.019046431172657443,0.5476,False,0.08971738039493847,0.001016937045906097
1000,88,8.567721566421155e-05,0.998,False,0.08823496000443086,0.0010050012480784928
1000,89,0.028745790122775783,0.3462,False,0.09031293389296235,0.00098636049682182
1000,90,0.009020906868532196,0.768,False,0.08918109289440425,0.0010013125289334267
1000,91,0.024258027630301097,0.4396,False,0.08781138249370316,0.0009908990226388215
1000,92,0.0342915270940444,0.286,False,0.08950190934207966,0.0010338253061979235
1000,93,0.004529640904144473,0.8654,False,0.09008932403943765,0.0009905778276246655
1000,94,0.011505813970056957,0.7144,False,0.08718515071991266,0.0009743773307078296
1000,95,-0.033957333458460304,0.281,False,0.09157365206773348,0.0010119642097420325
1000,96,0.018247951176952968,0.5558,False,0.08730699110698202,0.0009725448891169105
1000,97,-0.005102998524254638,0.8706,False,0.08714311851915342,0.001015344349688178
1000,98,-0.019139722359949037,0.5552,False,0.08652225962677834,0.0010139454901436956
1000,99,0.06246721036841948,0.0502,False,0.08999480030891444,0.0010069321851607868
500,0,-0.02849902631225672,0.5352,False,0.1253603577559614,0.002001825854243777
500,1,-0.03094080270199029,0.493,False,0.12294478931861723,0.002024094400559956
500,2,-0.04088267434606218,0.3582,False,0.12408602346705166,0.0019495008350610562
500,3,0.02381294603306004,0.6072,False,0.13036443081039276,0.002041706546773856
500,4,-0.029289789016327956,0.5198,False,0.1271098830188317,0.002013941621344749
500,5,0.03361617037550862,0.4516,False,0.12560166881857956,0.0019963901737391075
500,6,0.1092169065896795,0.0174,False,0.1264146214816981,0.001997730130872839
500,7,0.06490932527783845,0.1384,False,0.12536715220975023,0.0020053147273959055
500,8,0.1062980720248072,0.021,False,0.12979125840348893,0.002034471481106807
500,9,-0.01019201223885383,0.8254,False,0.12336467872933045,0.0020059002628813635
500,10,-0.02154390626757708,0.6168,False,0.12510948057253538,0.0020148601823991776
500,11,-0.0025828649259156474,0.9388,False,0.12666603070787533,0.002027766090148289
500,12,-0.00029732634046746855,0.992,False,0.12392984941754062,0.001979629731850765
500,13,0.05807108034134047,0.1836,False,0.12594287203528154,0.0019716070182829847
500,14,0.01374223638302593,0.7492,False,0.1280031835267835,0.002014591753984006
500,15,0.07808171404238898,0.0804,False,0.12400188406442222,0.0019665355345048524
500,16,-0.035710277587335616,0.4348,False,0.12773728275986518,0.0020091797127741837
500,17,-0.007667768230346726,0.8554,False,0.12667910876256933,0.0020356629911316626
500,18,0.0552897432868657,0.216,False,0.1259437887899614,0.001997030663185626
500,19,0.01631401258212755,0.721,False,0.12323783439371706,0.001973525032907636
500,20,-0.009863088231686882,0.8264,False,0.12447017040720933,0.0020061329853825875
500,21,-0.09680466465843125,0.0292,False,0.12276493645669716,0.0019626058027722064
500,22,-0.02393029844759161,0.5924,False,0.12338037024194558,0.0019894233457055893
500,23,-0.02013614705514147,0.6346,False,0.1250978630018049,0.001947160917194558
500,24,0.03426258948014497,0.4542,False,0.129032882290633,0.002048966052327738
500,25,-0.0049530301519680195,0.9186,False,0.12624620942255302,0.0019878639364808016
500,26,0.10315906794710257,0.0236,False,0.12701193460138194,0.0020003935467271866
500,27,0.058560923584334554,0.1796,False,0.1242166724515354,0.001968472383000026
500,28,-0.040834636007243984,0.3642,False,0.12197144266247906,0.002012741658882127
500,29,-0.05499749475345518,0.2106,False,0.12576162017504253,0.0019793086438420924
500,30,0.038844268873850146,0.4024,False,0.1274221362497905,0.002038909306871118
500,31,-0.06443601911220696,0.14,False,0.12501053684891658,0.0019681704534992442
500,32,0.1214616671935576,0.0068,True,0.1250039496198854,0.0019850197503017575
500,33,-0.04278344675366274,0.3308,False,0.12430332619257387,0.001953169057035608
500,34,-0.0473079005670687,0.3026,False,0.1257507583015133,0.0020698191124173923
500,35,-0.04713153455888921,0.2988,False,0.1238736090424052,0.002019216702441355
500,36,-0.019467971039118903,0.664,False,0.12737599142775538,0.002061935649505985
500,37,0.004144634253118798,0.9134,False,0.12570930485511408,0.0019931229874288426
500,38,-0.02722091040389984,0.539,False,0.12448134857168035,0.0019866817416419958
500,39,0.03256565708282222,0.461,False,0.12643613187490035,0.0019806039950229807
500,40,-0.0025075160884617167,0.9388,False,0.1268564444817633,0.002028373509831907
500,41,0.005430702038514034,0.9184,False,0.12359400384755623,0.002025371056792435
500,42,-0.007791612102416061,0.8616,False,0.12689646219774095,0.002025281209046776
500,43,-0.03198798643915914,0.4724,False,0.12842554099858355,0.0020388858773767184
500,44,-0.016998642954347724,0.7058,False,0.1250342618278983,0.0020485131281742183
500,45,0.048908599200915365,0.2686,False,0.12612191375756565,0.0019982576350158635
500,46,-0.006335671954766222,0.8956,False,0.12554914845065107,0.0020181782227949
500,47,-0.05902514397481301,0.1844,False,0.12713243392326745,0.0020219547739100366
500,48,0.051675874230637325,0.2634,False,0.1303380533864594,0.0020558198634013586
500,49,0.07811640218263069,0.085,False,0.12702733988261838,0.0019760180510882647
500,50,0.056800889969062296,0.2198,False,0.12551925060214622,0.002065293486543758
500,51,0.054458285124408534,0.2224,False,0.12856882549333626,0.0020150152242817037
500,52,0.010104476553523053,0.8272,False,0.1264385842850418,0.0020212599597084417
500,53,0.02491495028646279,0.5676,False,0.1265757855557513,0.0019736835629096277
500,54,-0.007955105285929985,0.8548,False,0.12745880524356093,0.002021177857080248
500,55,-0.004075095598302577,0.9192,False,0.12430287806350941,0.0019970513728405598
500,56,-0.013151835269819868,0.7692,False,0.12174005368228681,0.001990062025937479
500,57,-0.044456635189887336,0.3262,False,0.12481126608311206,0.00197595688009769
500,58,-0.01439510227655542,0.7466,False,0.12395435346547386,0.001981326714764717
500,59,0.05635038819126746,0.2042,False,0.12525882910076847,0.002001883630056818
500,60,-0.022514726899906117,0.6,False,0.1249030180675865,0.002007365830411941
500,61,-0.01575162151441316,0.7208,False,0.12381188016082095,0.002018226420413248
500,62,-0.04885441876216481,0.267,False,0.1240836914361136,0.0019642704974933947
500,63,-0.034771142662041205,0.4516,False,0.12711586328513708,0.0020396631760713113
500,64,0.07943824562739461,0.074,False,0.12633361911449686,0.0019923785445826615
500,65,0.0401851343080054,0.3606,False,0.12525408887185707,0.002002667622988699
500,66,-0.037816712608217326,0.4036,False,0.12310647956182609,0.001980850503193583
500,67,0.010081333210765486,0.8094,False,0.1284191490525119,0.002040468802465539
500,68,0.03279375801568882,0.474,False,0.12524156305354475,0.002017886868228789
500,69,0.050605894298033444,0.261,False,0.12388679304137054,0.0020198656697438763
500,70,0.07325320027324313,0.106,False,0.12674770150330283,0.002047241272065817
500,71,-0.00671650454612809,0.8674,False,0.12485340738553037,0.002013720748263166
500,72,-0.027593851592675345,0.5372,False,0.1257058159993584,0.002024997825723142
500,73,0.016600811124298304,0.711,False,0.12668672963898525,0.002003959196723166
500,74,-0.006830996926697637,0.8848,False,0.12463811778806705,0.001974569158116059
500,75,-0.0459377420697535,0.3,False,0.1269249713814261,0.002013560894518856
500,76,-0.07411021581927749,0.1078,False,0.1273692885604988,0.0020283495499578224
500,77,-0.0075191802905388745,0.8864,False,0.12435741374521908,0.002026164689733149
500,78,-0.02261231844381975,0.6332,False,0.1250966539155614,0.002014977454952314
500,79,0.10160132863283301,0.0214,False,0.12531375597534936,0.0020068997303009178
500,80,0.029329577739739793,0.5258,False,0.12743060977494694,0.002025970402071891
500,81,0.009915072108506522,0.8258,False,0.12143591190267167,0.001955594056120727
500,82,0.042224862195417726,0.3528,False,0.12402830669116158,0.001997917226468838
500,83,0.05377912123921365,0.2218,False,0.12366220936671579,0.0019517439767526774
500,84,0.05088694459308819,0.2548,False,0.12595438295159977,0.0020296447606357212
500,85,0.0103062673039632,0.8136,False,0.12471274513294482,0.002021646965951894
500,86,-0.03607960049939275,0.4292,False,0.12479292228733055,0.0019693344243523797
500,87,0.032729751241013405,0.458,False,0.12522664849185353,0.001975775325612158
500,88,0.03222841613086314,0.4778,False,0.12785806878020756,0.002028662275634767
500,89,0.02960693359222876,0.508,False,0.1270320138356005,0.0020294210127704032
500,90,-0.024041273705636673,0.592,False,0.12690398861817487,0.0019914980827113117
500,91,0.029783966186859346,0.5098,False,0.1272840930878671,0.0019766939853895567
500,92,0.10693443993890395,0.0146,False,0.12415475984372543,0.0020075873681651858
500,93,0.04400327261189132,0.3254,False,0.12260544197398517,0.0020121988149043647
500,94,0.0011587238316142915,0.994,False,0.12164626778655399,0.0020258687155929583
500,95,0.0948318362380907,0.0352,False,0.12769438774651984,0.002036896709703645
500,96,-0.02584766030189862,0.5626,False,0.12540357319368395,0.0020512116739704474
500,97,0.033029677907418946,0.445,False,0.12580940052981648,0.0020003123056351285
500,98,0.09884736530846842,0.0252,False,0.122372269915942,0.0019713831704431
500,99,-0.0504314917491711,0.2638,False,0.12460944282322037,0.0020154877672449198
